country,country_code_original,noc,noc_standardization,region,gold,silver,bronze,total,gdp,gdp_year,population
United States,USA,USA,original_code_valid,North America,40,44,42,126,81695.19,2023,334.9
China,CHN,CHN,original_code_valid,Asia,40,27,24,91,12614.06,2023,1410.7
Japan,JPN,JPN,original_code_valid,Asia,20,12,13,45,33834.39,2023,124.5
Australia,AUS,AUS,original_code_valid,Oceania,18,19,16,53,64711.77,2023,26.6
France,FRA,FRA,original_code_valid,Europe,16,26,22,64,44460.82,2023,68.2
Netherlands,NLD,NED,matched_by_country_name,Europe,15,7,12,34,62536.73,2023,17.9
Great Britain,GBR,GBR,original_code_valid,Europe,14,22,29,65,48866.6,2023,68.3
South Korea,KOR,KOR,original_code_valid,Asia,13,9,10,32,33121.37,2023,51.7
Italy,ITA,ITA,original_code_valid,Europe,12,13,15,40,38373.17,2023,58.8
Germany,DEU,GER,matched_by_country_name,Europe,12,13,8,33,52745.76,2023,84.5
New Zealand,NZL,NZL,original_code_valid,Oceania,10,7,3,20,48527.83,2023,5.2
Canada,CAN,CAN,original_code_valid,North America,9,7,11,27,53371.7,2023,40.1
Uzbekistan,UZB,UZB,original_code_valid,Asia,8,2,3,13,2496.11,2023,36.4
Hungary,HUN,HUN,original_code_valid,Europe,6,7,6,19,22147.21,2023,9.6
Spain,ESP,ESP,original_code_valid,Europe,5,4,9,18,32676.98,2023,48.4
Sweden,SWE,SWE,original_code_valid,Europe,4,4,3,11,56305.25,2023,10.5
Kenya,KEN,KEN,original_code_valid,Africa,4,2,5,11,1949.9,2023,55.1
Norway,NOR,NOR,original_code_valid,Europe,4,1,3,8,87961.78,2023,5.5
Ireland,IRL,IRL,original_code_valid,Europe,4,0,3,7,103684.88,2023,5.3
Brazil,BRA,BRA,original_code_valid,South America,3,7,10,20,10043.62,2023,216.4
Iran,IRN,IRI,matched_by_documented_alias,Asia,3,6,3,12,4502.55,2023,89.2
Ukraine,UKR,UKR,original_code_valid,Europe,3,5,4,12,5181.36,2023,37
Romania,ROU,ROU,original_code_valid,Europe,3,4,2,9,18419.42,2023,19.1
Georgia,GEO,GEO,original_code_valid,Europe,3,3,1,7,8120.36,2023,3.8
Belgium,BEL,BEL,original_code_valid,Europe,3,1,6,10,53475.29,2023,11.8
Bulgaria,BGR,BUL,matched_by_country_name,Europe,3,1,3,7,15797.6,2023,6.4
Serbia,SRB,SRB,original_code_valid,Europe,3,1,1,5,11360.96,2023,6.6
Czech Republic,CZE,CZE,original_code_valid,Europe,3,0,2,5,30427.42,2023,10.9
Denmark,DNK,DEN,matched_by_country_name,Europe,2,2,5,9,67967.38,2023,5.9
Azerbaijan,AZE,AZE,original_code_valid,Asia,2,2,3,7,7155.08,2023,10.1
Croatia,HRV,CRO,matched_by_country_name,Europe,2,2,3,7,21459.78,2023,3.9
Cuba,CUB,CUB,original_code_valid,North America,2,1,6,9,56495.85,2022,11.2
Bahrain,BHR,BRN,matched_by_country_name,Asia,2,1,1,4,29084.31,2023,1.5
Slovenia,SVN,SLO,matched_by_country_name,Europe,2,1,0,3,32163.51,2023,2.1
Taiwan,TPE,TPE,original_code_valid,Asia,2,0,5,7,32443.71,2023,23.2
Austria,AUT,AUT,original_code_valid,Europe,2,0,3,5,56505.97,2023,9.1
Hong Kong,HKG,HKG,original_code_valid,Asia,2,0,2,4,50696.59,2023,7.5
Philippines,PHL,PHI,matched_by_country_name,Asia,2,0,2,4,3725.55,2023,117.3
Algeria,DZA,ALG,matched_by_country_name,Africa,2,0,1,3,5260.21,2023,45.6
Indonesia,IDN,INA,matched_by_country_name,Asia,2,0,1,3,4940.55,2023,277.5
Israel,ISR,ISR,original_code_valid,Asia,1,5,1,7,52261.68,2023,9.8
Poland,POL,POL,original_code_valid,Europe,1,4,5,10,22112.86,2023,36.7
Kazakhstan,KAZ,KAZ,original_code_valid,Asia,1,3,3,7,13136.62,2023,19.9
Jamaica,JAM,JAM,original_code_valid,North America,1,3,2,6,6874.2,2023,2.8
South Africa,ZAF,RSA,matched_by_country_name,Africa,1,3,2,6,6253.16,2023,60.4
Thailand,THA,THA,original_code_valid,Asia,1,3,2,6,7171.81,2023,71.8
Ethiopia,ETH,ETH,original_code_valid,Africa,1,3,0,4,1293.78,2023,126.5
Switzerland,CHE,SUI,matched_by_country_name,Europe,1,2,5,8,99994.94,2023,8.8
Ecuador,ECU,ECU,original_code_valid,South America,1,2,2,5,6533.35,2023,18.2
Portugal,PRT,POR,matched_by_country_name,Europe,1,2,1,4,27275.11,2023,10.5
Greece,GRC,GRE,matched_by_country_name,Europe,1,1,6,8,22990.01,2023,10.4
Argentina,ARG,ARG,original_code_valid,South America,1,1,1,3,13730.51,2023,46.7
Egypt,EGY,EGY,original_code_valid,Africa,1,1,1,3,3512.58,2023,112.7
Tunisia,TUN,TUN,original_code_valid,Africa,1,1,1,3,3895.39,2023,12.5
Botswana,BWA,BOT,matched_by_country_name,Africa,1,1,0,2,7249.8,2023,2.7
Chile,CHL,CHI,matched_by_country_name,South America,1,1,0,2,17093.24,2023,19.6
St Lucia,LCA,LCA,original_code_valid,Caribbean,1,1,0,2,13980.09,2023,0.2
Uganda,UGA,UGA,original_code_valid,Africa,1,1,0,2,1014.21,2023,48.6
Dominican Republic,DOM,DOM,original_code_valid,North America,1,0,2,3,10716.01,2023,11.3
Guatemala,GTM,GUA,matched_by_country_name,North America,1,0,1,2,5797.52,2023,17.6
Morocco,MAR,MAR,original_code_valid,Africa,1,0,1,2,3672.11,2023,37.8
Dominica,DMA,DMA,original_code_valid,Caribbean,1,0,0,1,8953.9,2023,0.1
Pakistan,PAK,PAK,original_code_valid,Asia,1,0,0,1,1407.02,2023,240.5
Turkey,TUR,TUR,original_code_valid,Asia,0,3,5,8,12985.75,2023,85.3
Mexico,MEX,MEX,original_code_valid,North America,0,3,2,5,13926.11,2023,128.5
Armenia,ARM,ARM,original_code_valid,Asia,0,3,1,4,8715.77,2023,2.8
Colombia,COL,COL,original_code_valid,South America,0,3,1,4,6979.73,2023,52.1
North Korea,PRK,PRK,original_code_valid,Asia,0,2,4,6,1217,2023,26.2
Kyrgyzstan,KGZ,KGZ,original_code_valid,Asia,0,2,4,6,1969.87,2023,7.1
Lithuania,LTU,LTU,original_code_valid,Europe,0,2,2,4,27102.78,2023,2.9
India,IND,IND,original_code_valid,Asia,0,1,5,6,2484.85,2023,1428.6
Moldova,MDA,MDA,original_code_valid,Europe,0,1,3,4,6650.65,2023,2.5
Kosovo,XKX,KOS,matched_by_country_name,Europe,0,1,1,2,5943.13,2023,1.8
Cyprus,CYP,CYP,original_code_valid,Europe,0,1,0,1,34701.44,2023,1.3
Fiji,FJI,FIJ,matched_by_country_name,Oceania,0,1,0,1,5868.16,2023,0.9
Jordan,JOR,JOR,original_code_valid,Asia,0,1,0,1,4482.09,2023,11.3
Mongolia,MNG,MGL,matched_by_country_name,Asia,0,1,0,1,5764.8,2023,3.4
Panama,PAN,PAN,original_code_valid,South America,0,1,0,1,18661.77,2023,4.5
Tajikistan,TJK,TJK,original_code_valid,Asia,0,0,3,3,1188.99,2023,10.1
Albania,ALB,ALB,original_code_valid,Europe,0,0,2,2,8367.78,2023,2.7
Grenada,GRD,GRN,matched_by_country_name,Caribbean,0,0,2,2,10463.65,2023,0.1
Malaysia,MYS,MAS,matched_by_country_name,Asia,0,0,2,2,11648.67,2023,34.3
Puerto Rico,PRI,PUR,matched_by_country_name,Caribbean,0,0,2,2,36779.06,2023,3.2
Cape Verde,CPV,CPV,original_code_valid,Africa,0,0,1,1,4321.58,2023,0.6
Ivory Coast,CIV,CIV,original_code_valid,Africa,0,0,1,1,2728.8,2023,28.9
Peru,PER,PER,original_code_valid,South America,0,0,1,1,7789.87,2023,34.4
Qatar,QAT,QAT,original_code_valid,Asia,0,0,1,1,87480.42,2022,2.7
Singapore,SGP,SGP,original_code_valid,Asia,0,0,1,1,84734.26,2023,5.9
Slovakia,SVK,SVK,original_code_valid,Europe,0,0,1,1,24470.24,2023,5.4
Zambia,ZMB,ZAM,matched_by_country_name,Africa,0,0,1,1,1369.13,2023,20.6
