Year,Season,Male Athletes,Female Athletes,Total Athletes,Male Share %,Female Share %
1896,Summer,176,0,176,100.0,0.0
1900,Summer,1201,23,1224,98.12,1.88
1904,Summer,644,6,650,99.08,0.92
1906,Summer,835,6,841,99.29,0.71
1908,Summer,1980,44,2024,97.83,2.17
1912,Summer,2356,53,2409,97.8,2.2
1920,Summer,2598,78,2676,97.09,2.91
1924,Summer,3100,156,3256,95.21,4.79
1924,Winter,300,13,313,95.85,4.15
1928,Summer,2935,312,3247,90.39,9.61
1928,Winter,433,28,461,93.93,6.07
1932,Summer,1721,201,1922,89.54,10.46
1932,Winter,231,21,252,91.67,8.33
1936,Summer,4123,361,4484,91.95,8.05
1936,Winter,588,80,668,88.02,11.98
1948,Summer,3956,446,4402,89.87,10.13
1948,Winter,591,77,668,88.47,11.53
1952,Summer,4411,521,4932,89.44,10.56
1952,Winter,585,109,694,84.29,15.71
1956,Summer,2963,384,3347,88.53,11.47
1956,Winter,689,132,821,83.92,16.08
1960,Summer,4739,613,5352,88.55,11.45
1960,Winter,521,144,665,78.35,21.65
1964,Summer,4457,680,5137,86.76,13.24
1964,Winter,894,200,1094,81.72,18.28
1968,Summer,4775,783,5558,85.91,14.09
1968,Winter,949,211,1160,81.81,18.19
1972,Summer,6054,1060,7114,85.1,14.9
1972,Winter,802,206,1008,79.56,20.44
1976,Summer,4813,1260,6073,79.25,20.75
1976,Winter,897,231,1128,79.52,20.48
1980,Summer,4136,1123,5259,78.65,21.35
1980,Winter,836,235,1071,78.06,21.94
1984,Summer,5229,1569,6798,76.92,23.08
1984,Winter,996,277,1273,78.24,21.76
1988,Summer,6251,2203,8454,73.94,26.06
1988,Winter,1110,315,1425,77.89,22.11
1992,Summer,6663,2723,9386,70.99,29.01
1992,Winter,1313,488,1801,72.9,27.1
1994,Winter,1216,522,1738,69.97,30.03
1996,Summer,6822,3517,10339,65.98,34.02
1998,Winter,1390,789,2179,63.79,36.21
2000,Summer,6579,4068,10647,61.79,38.21
2002,Winter,1513,886,2399,63.07,36.93
2004,Summer,6257,4300,10557,59.27,40.73
2006,Winter,1539,955,2494,61.71,38.29
2008,Summer,6290,4609,10899,57.71,42.29
2010,Winter,1503,1033,2536,59.27,40.73
2012,Summer,5863,4654,10517,55.75,44.25
2014,Winter,1643,1102,2745,59.85,40.15
2016,Summer,6145,5034,11179,54.97,45.03
2020,Summer,6079,5560,11639,52.23,47.77
