Year,Season,Country,NOC,Gold,Silver,Bronze,Total Medals
1896,Summer,Australia,AUS,2,0,1,3
1896,Summer,Austria,AUT,2,1,2,5
1896,Summer,Denmark,DEN,1,2,3,6
1896,Summer,France,FRA,5,4,2,11
1896,Summer,Germany,GER,7,5,2,14
1896,Summer,Great Britain,GBR,3,3,3,9
1896,Summer,Greece,GRE,10,17,17,44
1896,Summer,Hungary,HUN,2,1,3,6
1896,Summer,Switzerland,SUI,1,2,0,3
1896,Summer,United States,USA,11,6,2,19
1900,Summer,Australia,AUS,3,0,3,6
1900,Summer,Austria,AUT,0,3,3,6
1900,Summer,Belgium,BEL,6,7,5,18
1900,Summer,Bohemia,BOH,0,1,2,3
1900,Summer,Canada,CAN,1,0,1,2
1900,Summer,Colombia,COL,0,1,0,1
1900,Summer,Cuba,CUB,1,1,0,2
1900,Summer,Denmark,DEN,2,3,2,7
1900,Summer,France,FRA,28,40,34,102
1900,Summer,Germany,GER,4,3,1,8
1900,Summer,Great Britain,GBR,19,11,12,42
1900,Summer,Haiti,HAI,1,0,0,1
1900,Summer,Hungary,HUN,1,2,2,5
1900,Summer,India,IND,0,2,0,2
1900,Summer,Italy,ITA,3,2,0,5
1900,Summer,Luxembourg,LUX,1,0,0,1
1900,Summer,Mexico,MEX,0,0,1,1
1900,Summer,Netherlands,NED,1,2,4,7
1900,Summer,New Zealand,NZL,1,0,0,1
1900,Summer,Norway,NOR,0,2,3,5
1900,Summer,Spain,ESP,1,0,0,1
1900,Summer,Sweden,SWE,1,0,1,2
1900,Summer,Switzerland,SUI,6,2,1,9
1900,Summer,United States,USA,21,16,17,54
1904,Summer,Australia,AUS,0,3,1,4
1904,Summer,Austria,AUT,2,1,1,4
1904,Summer,Canada,CAN,4,1,1,6
1904,Summer,Cuba,CUB,4,0,0,4
1904,Summer,France,FRA,0,2,0,2
1904,Summer,Germany,GER,4,5,7,16
1904,Summer,Great Britain,GBR,1,1,0,2
1904,Summer,Greece,GRE,1,0,1,2
1904,Summer,Hungary,HUN,2,1,1,4
1904,Summer,Norway,NOR,2,0,0,2
1904,Summer,Switzerland,SUI,1,0,2,3
1904,Summer,United States,USA,76,79,75,230
1906,Summer,Australia,AUS,0,0,3,3
1906,Summer,Austria,AUT,3,3,3,9
1906,Summer,Belgium,BEL,2,2,3,7
1906,Summer,Bohemia,BOH,0,0,2,2
1906,Summer,Canada,CAN,1,1,0,2
1906,Summer,Denmark,DEN,3,2,1,6
1906,Summer,Finland,FIN,2,1,1,4
1906,Summer,France,FRA,15,10,16,41
1906,Summer,Germany,GER,4,6,4,14
1906,Summer,Great Britain,GBR,8,12,5,25
1906,Summer,Greece,GRE,8,14,13,35
1906,Summer,Hungary,HUN,2,5,3,10
1906,Summer,Italy,ITA,7,6,3,16
1906,Summer,Netherlands,NED,0,1,2,3
1906,Summer,Norway,NOR,1,1,0,2
1906,Summer,Sweden,SWE,2,5,7,14
1906,Summer,Switzerland,SUI,4,3,1,8
1906,Summer,United States,USA,12,5,6,23
1908,Summer,Australasia,ANZ,1,2,2,5
1908,Summer,Austria,AUT,0,0,1,1
1908,Summer,Belgium,BEL,1,5,2,8
1908,Summer,Bohemia,BOH,0,0,2,2
1908,Summer,Canada,CAN,3,3,10,16
1908,Summer,Denmark,DEN,0,2,3,5
1908,Summer,Finland,FIN,1,1,3,5
1908,Summer,France,FRA,5,5,9,19
1908,Summer,Germany,GER,3,5,5,13
1908,Summer,Great Britain,GBR,56,50,37,143
1908,Summer,Greece,GRE,0,3,1,4
1908,Summer,Hungary,HUN,3,4,2,9
1908,Summer,Italy,ITA,2,2,0,4
1908,Summer,Netherlands,NED,0,0,2,2
1908,Summer,Norway,NOR,2,3,3,8
1908,Summer,Russia,RUS,1,2,0,3
1908,Summer,South Africa,RSA,1,1,0,2
1908,Summer,Sweden,SWE,8,6,11,25
1908,Summer,United States,USA,22,12,12,46
1912,Summer,Australasia,ANZ,2,2,3,7
1912,Summer,Austria,AUT,0,2,2,4
1912,Summer,Belgium,BEL,2,1,3,6
1912,Summer,Canada,CAN,3,2,3,8
1912,Summer,Denmark,DEN,1,6,5,12
1912,Summer,Finland,FIN,9,8,9,26
1912,Summer,France,FRA,7,4,3,14
1912,Summer,Germany,GER,5,13,7,25
1912,Summer,Great Britain,GBR,10,15,16,41
1912,Summer,Greece,GRE,1,0,1,2
1912,Summer,Hungary,HUN,3,2,3,8
1912,Summer,Italy,ITA,3,1,2,6
1912,Summer,Netherlands,NED,0,0,3,3
1912,Summer,Norway,NOR,4,1,5,10
1912,Summer,Russia,RUS,0,2,3,5
1912,Summer,South Africa,RSA,4,2,0,6
1912,Summer,Sweden,SWE,24,24,17,65
1912,Summer,United States,USA,25,18,19,62
1920,Summer,Australia,AUS,0,2,1,3
1920,Summer,Belgium,BEL,14,11,11,36
1920,Summer,Brazil,BRA,1,1,1,3
1920,Summer,Canada,CAN,3,3,3,9
1920,Summer,Czechoslovakia,TCH,0,0,2,2
1920,Summer,Denmark,DEN,3,9,1,13
1920,Summer,Estonia,EST,1,2,0,3
1920,Summer,Finland,FIN,15,10,9,34
1920,Summer,France,FRA,9,19,13,41
1920,Summer,Great Britain,GBR,14,15,13,42
1920,Summer,Greece,GRE,0,1,0,1
1920,Summer,Italy,ITA,13,5,5,23
1920,Summer,Japan,JPN,0,2,0,2
1920,Summer,Luxembourg,LUX,0,1,0,1
1920,Summer,Netherlands,NED,4,2,5,11
1920,Summer,New Zealand,NZL,0,0,1,1
1920,Summer,Norway,NOR,10,9,9,28
1920,Summer,South Africa,RSA,3,4,3,10
1920,Summer,Spain,ESP,0,2,0,2
1920,Summer,Sweden,SWE,19,20,25,64
1920,Summer,Switzerland,SUI,2,2,7,11
1920,Summer,United States,USA,41,27,27,95
1924,Summer,Argentina,ARG,1,3,2,6
1924,Summer,Australia,AUS,3,1,2,6
1924,Summer,Austria,AUT,0,3,1,4
1924,Summer,Belgium,BEL,3,7,3,13
1924,Summer,Canada,CAN,0,3,1,4
1924,Summer,Czechoslovakia,TCH,1,4,5,10
1924,Summer,Denmark,DEN,2,5,2,9
1924,Summer,Estonia,EST,1,1,4,6
1924,Summer,Finland,FIN,14,13,10,37
1924,Summer,France,FRA,13,14,10,37
1924,Summer,Great Britain,GBR,9,13,12,34
1924,Summer,Haiti,HAI,0,0,1,1
1924,Summer,Hungary,HUN,2,3,4,9
1924,Summer,Italy,ITA,8,3,5,16
1924,Summer,Japan,JPN,0,0,1,1
1924,Summer,Netherlands,NED,4,1,5,10
1924,Summer,New Zealand,NZL,0,0,1,1
1924,Summer,Norway,NOR,5,2,3,10
1924,Summer,Poland,POL,0,1,1,2
1924,Summer,Portugal,POR,0,0,1,1
1924,Summer,Romania,ROU,0,0,1,1
1924,Summer,South Africa,RSA,1,1,1,3
1924,Summer,Sweden,SWE,4,13,12,29
1924,Summer,Switzerland,SUI,7,8,10,25
1924,Summer,United States,USA,45,27,27,99
1924,Summer,Uruguay,URU,1,0,0,1
1924,Summer,Yugoslavia,YUG,2,0,0,2
1924,Winter,Austria,AUT,2,1,0,3
1924,Winter,Belgium,BEL,0,0,1,1
1924,Winter,Canada,CAN,1,0,0,1
1924,Winter,Finland,FIN,4,4,3,11
1924,Winter,France,FRA,0,0,3,3
1924,Winter,Great Britain,GBR,1,1,2,4
1924,Winter,Norway,NOR,4,7,6,17
1924,Winter,Sweden,SWE,1,1,0,2
1924,Winter,Switzerland,SUI,2,0,1,3
1924,Winter,United States,USA,1,2,1,4
1928,Summer,Argentina,ARG,3,3,1,7
1928,Summer,Australia,AUS,1,2,1,4
1928,Summer,Austria,AUT,2,0,1,3
1928,Summer,Belgium,BEL,0,1,2,3
1928,Summer,Canada,CAN,4,4,7,15
1928,Summer,Chile,CHI,0,1,0,1
1928,Summer,Czechoslovakia,TCH,2,5,2,9
1928,Summer,Denmark,DEN,3,1,2,6
1928,Summer,Egypt,EGY,2,1,1,4
1928,Summer,Estonia,EST,2,1,2,5
1928,Summer,Finland,FIN,8,8,9,25
1928,Summer,France,FRA,6,10,5,21
1928,Summer,Germany,GER,10,7,14,31
1928,Summer,Great Britain,GBR,3,10,7,20
1928,Summer,Haiti,HAI,0,1,0,1
1928,Summer,Hungary,HUN,4,5,0,9
1928,Summer,India,IND,1,0,0,1
1928,Summer,Ireland,IRL,1,0,0,1
1928,Summer,Italy,ITA,7,5,7,19
1928,Summer,Japan,JPN,2,2,1,5
1928,Summer,Netherlands,NED,6,9,4,19
1928,Summer,New Zealand,NZL,1,0,0,1
1928,Summer,Norway,NOR,1,2,1,4
1928,Summer,Philippines,PHI,0,0,1,1
1928,Summer,Poland,POL,1,1,3,5
1928,Summer,Portugal,POR,0,0,1,1
1928,Summer,South Africa,RSA,1,0,2,3
1928,Summer,Spain,ESP,1,0,0,1
1928,Summer,Sweden,SWE,7,6,12,25
1928,Summer,Switzerland,SUI,7,4,4,15
1928,Summer,United States,USA,22,18,16,56
1928,Summer,Uruguay,URU,1,0,0,1
1928,Summer,Yugoslavia,YUG,1,1,3,5
1928,Winter,Austria,AUT,0,3,1,4
1928,Winter,Belgium,BEL,0,0,1,1
1928,Winter,Canada,CAN,1,0,0,1
1928,Winter,Czechoslovakia,TCH,0,0,1,1
1928,Winter,Finland,FIN,2,1,1,4
1928,Winter,France,FRA,1,0,0,1
1928,Winter,Germany,GER,0,0,1,1
1928,Winter,Great Britain,GBR,0,0,1,1
1928,Winter,Norway,NOR,6,4,5,15
1928,Winter,Sweden,SWE,2,2,1,5
1928,Winter,Switzerland,SUI,0,0,1,1
1928,Winter,United States,USA,2,2,2,6
1932,Summer,Argentina,ARG,3,1,0,4
1932,Summer,Australia,AUS,3,1,1,5
1932,Summer,Austria,AUT,1,1,3,5
1932,Summer,Canada,CAN,2,5,8,15
1932,Summer,Czechoslovakia,TCH,1,2,1,4
1932,Summer,Denmark,DEN,0,3,3,6
1932,Summer,Finland,FIN,5,8,12,25
1932,Summer,France,FRA,10,5,4,19
1932,Summer,Germany,GER,3,12,5,20
1932,Summer,Great Britain,GBR,4,7,5,16
1932,Summer,Hungary,HUN,6,4,5,15
1932,Summer,India,IND,1,0,0,1
1932,Summer,Ireland,IRL,2,0,0,2
1932,Summer,Italy,ITA,12,12,12,36
1932,Summer,Japan,JPN,7,7,4,18
1932,Summer,Latvia,LAT,0,1,0,1
1932,Summer,Mexico,MEX,0,2,0,2
1932,Summer,Netherlands,NED,2,5,0,7
1932,Summer,New Zealand,NZL,0,1,0,1
1932,Summer,Philippines,PHI,0,0,3,3
1932,Summer,Poland,POL,2,1,4,7
1932,Summer,South Africa,RSA,2,0,3,5
1932,Summer,Spain,ESP,0,0,1,1
1932,Summer,Sweden,SWE,9,5,9,23
1932,Summer,Switzerland,SUI,0,1,0,1
1932,Summer,United States,USA,41,32,30,103
1932,Summer,Uruguay,URU,0,0,1,1
1932,Winter,Austria,AUT,1,1,0,2
1932,Winter,Canada,CAN,1,1,5,7
1932,Winter,Finland,FIN,1,1,1,3
1932,Winter,France,FRA,1,0,0,1
1932,Winter,Germany,GER,0,0,2,2
1932,Winter,Hungary,HUN,0,0,1,1
1932,Winter,Norway,NOR,3,4,3,10
1932,Winter,Sweden,SWE,1,2,0,3
1932,Winter,Switzerland,SUI,0,1,0,1
1932,Winter,United States,USA,6,4,2,12
1936,Summer,Argentina,ARG,2,2,3,7
1936,Summer,Australia,AUS,0,0,1,1
1936,Summer,Austria,AUT,4,6,3,13
1936,Summer,Belgium,BEL,0,0,2,2
1936,Summer,Canada,CAN,1,3,5,9
1936,Summer,Czechoslovakia,TCH,3,5,0,8
1936,Summer,Denmark,DEN,0,2,3,5
1936,Summer,Egypt,EGY,2,1,2,5
1936,Summer,Estonia,EST,2,2,3,7
1936,Summer,Finland,FIN,7,6,6,19
1936,Summer,France,FRA,7,6,6,19
1936,Summer,Germany,GER,33,26,30,89
1936,Summer,Great Britain,GBR,4,7,3,14
1936,Summer,Hungary,HUN,10,1,5,16
1936,Summer,India,IND,1,0,0,1
1936,Summer,Italy,ITA,8,9,5,22
1936,Summer,Japan,JPN,6,4,8,18
1936,Summer,Latvia,LAT,0,1,1,2
1936,Summer,Mexico,MEX,0,0,3,3
1936,Summer,Netherlands,NED,6,4,7,17
1936,Summer,New Zealand,NZL,1,0,0,1
1936,Summer,Norway,NOR,1,3,2,6
1936,Summer,Philippines,PHI,0,0,1,1
1936,Summer,Poland,POL,0,3,3,6
1936,Summer,Portugal,POR,0,0,1,1
1936,Summer,Romania,ROU,0,1,0,1
1936,Summer,South Africa,RSA,0,1,0,1
1936,Summer,Sweden,SWE,6,5,9,20
1936,Summer,Switzerland,SUI,2,9,5,16
1936,Summer,Turkey,TUR,1,0,1,2
1936,Summer,United States,USA,24,20,12,56
1936,Summer,Yugoslavia,YUG,0,1,0,1
1936,Winter,Austria,AUT,1,1,2,4
1936,Winter,Canada,CAN,0,1,0,1
1936,Winter,Finland,FIN,1,2,3,6
1936,Winter,France,FRA,0,0,1,1
1936,Winter,Germany,GER,3,3,0,6
1936,Winter,Great Britain,GBR,1,1,1,3
1936,Winter,Hungary,HUN,0,0,1,1
1936,Winter,Norway,NOR,7,5,3,15
1936,Winter,Sweden,SWE,2,2,3,7
1936,Winter,Switzerland,SUI,1,2,0,3
1936,Winter,United States,USA,1,0,3,4
1948,Summer,Argentina,ARG,3,3,1,7
1948,Summer,Australia,AUS,2,6,5,13
1948,Summer,Austria,AUT,1,0,3,4
1948,Summer,Belgium,BEL,2,2,3,7
1948,Summer,Brazil,BRA,0,0,1,1
1948,Summer,Canada,CAN,0,1,2,3
1948,Summer,Cuba,CUB,0,1,0,1
1948,Summer,Czechoslovakia,TCH,6,2,3,11
1948,Summer,Denmark,DEN,5,7,8,20
1948,Summer,Egypt,EGY,2,2,1,5
1948,Summer,Finland,FIN,6,7,5,18
1948,Summer,France,FRA,10,6,13,29
1948,Summer,Great Britain,GBR,3,14,6,23
1948,Summer,Hungary,HUN,10,5,11,26
1948,Summer,India,IND,1,0,0,1
1948,Summer,Iran,IRI,0,0,1,1
1948,Summer,Italy,ITA,8,11,8,27
1948,Summer,Jamaica,JAM,1,2,0,3
1948,Summer,Mexico,MEX,2,1,2,5
1948,Summer,Netherlands,NED,5,2,9,16
1948,Summer,Norway,NOR,1,3,3,7
1948,Summer,Panama,PAN,0,0,2,2
1948,Summer,Peru,PER,1,0,0,1
1948,Summer,Poland,POL,0,0,1,1
1948,Summer,Portugal,POR,0,1,1,2
1948,Summer,Puerto Rico,PUR,0,0,1,1
1948,Summer,South Africa,RSA,2,1,1,4
1948,Summer,South Korea,KOR,0,0,2,2
1948,Summer,Spain,ESP,0,1,0,1
1948,Summer,Sri Lanka,SRI,0,1,0,1
1948,Summer,Sweden,SWE,16,11,17,44
1948,Summer,Switzerland,SUI,5,10,4,19
1948,Summer,Trinidad and Tobago,TTO,0,1,0,1
1948,Summer,Turkey,TUR,6,4,2,12
1948,Summer,United States,USA,38,27,19,84
1948,Summer,Uruguay,URU,0,1,1,2
1948,Summer,Yugoslavia,YUG,0,2,0,2
1948,Winter,Austria,AUT,1,3,4,8
1948,Winter,Belgium,BEL,1,1,0,2
1948,Winter,Canada,CAN,2,0,1,3
1948,Winter,Czechoslovakia,TCH,0,1,0,1
1948,Winter,Finland,FIN,1,3,2,6
1948,Winter,France,FRA,2,1,2,5
1948,Winter,Great Britain,GBR,0,0,2,2
1948,Winter,Hungary,HUN,0,1,0,1
1948,Winter,Italy,ITA,1,0,0,1
1948,Winter,Norway,NOR,4,3,3,10
1948,Winter,Sweden,SWE,4,3,3,10
1948,Winter,Switzerland,SUI,3,4,2,9
1948,Winter,United States,USA,3,3,2,8
1952,Summer,Argentina,ARG,1,2,2,5
1952,Summer,Australia,AUS,6,2,3,11
1952,Summer,Austria,AUT,0,1,1,2
1952,Summer,Belgium,BEL,2,2,0,4
1952,Summer,Brazil,BRA,1,0,2,3
1952,Summer,Bulgaria,BUL,0,0,1,1
1952,Summer,Canada,CAN,1,2,0,3
1952,Summer,Chile,CHI,0,2,0,2
1952,Summer,Czechoslovakia,TCH,7,3,3,13
1952,Summer,Denmark,DEN,2,1,3,6
1952,Summer,Egypt,EGY,0,0,1,1
1952,Summer,Finland,FIN,6,3,13,22
1952,Summer,France,FRA,6,6,6,18
1952,Summer,Germany,GER,0,7,17,24
1952,Summer,Great Britain,GBR,1,2,8,11
1952,Summer,Hungary,HUN,16,10,16,42
1952,Summer,India,IND,1,0,1,2
1952,Summer,Iran,IRI,0,3,4,7
1952,Summer,Ireland,IRL,0,1,0,1
1952,Summer,Italy,ITA,8,9,4,21
1952,Summer,Jamaica,JAM,2,3,0,5
1952,Summer,Japan,JPN,1,6,1,8
1952,Summer,Lebanon,LIB,0,1,1,2
1952,Summer,Luxembourg,LUX,1,0,0,1
1952,Summer,Mexico,MEX,0,1,0,1
1952,Summer,Netherlands,NED,0,5,0,5
1952,Summer,New Zealand,NZL,1,0,2,3
1952,Summer,Norway,NOR,3,2,0,5
1952,Summer,Poland,POL,1,2,1,4
1952,Summer,Portugal,POR,0,0,1,1
1952,Summer,Romania,ROU,1,1,2,4
1952,Summer,South Africa,RSA,2,4,4,10
1952,Summer,South Korea,KOR,0,0,2,2
1952,Summer,Soviet Union,URS,22,29,19,70
1952,Summer,Spain,ESP,0,1,0,1
1952,Summer,Sweden,SWE,12,13,10,35
1952,Summer,Switzerland,SUI,2,6,6,14
1952,Summer,Trinidad and Tobago,TTO,0,0,2,2
1952,Summer,Turkey,TUR,2,0,1,3
1952,Summer,United States,USA,40,19,17,76
1952,Summer,Uruguay,URU,0,0,2,2
1952,Summer,Venezuela,VEN,0,0,1,1
1952,Summer,Yugoslavia,YUG,1,2,0,3
1952,Winter,Austria,AUT,2,4,2,8
1952,Winter,Canada,CAN,1,0,1,2
1952,Winter,Finland,FIN,3,4,2,9
1952,Winter,France,FRA,0,0,1,1
1952,Winter,Germany,GER,3,2,2,7
1952,Winter,Great Britain,GBR,1,0,0,1
1952,Winter,Hungary,HUN,0,0,1,1
1952,Winter,Italy,ITA,1,0,1,2
1952,Winter,Netherlands,NED,0,3,0,3
1952,Winter,Norway,NOR,7,3,6,16
1952,Winter,Sweden,SWE,0,0,4,4
1952,Winter,Switzerland,SUI,0,0,2,2
1952,Winter,United States,USA,4,6,1,11
1956,Summer,Argentina,ARG,0,1,1,2
1956,Summer,Australia,AUS,13,8,14,35
1956,Summer,Austria,AUT,0,0,2,2
1956,Summer,Bahamas,BAH,0,0,1,1
1956,Summer,Belgium,BEL,0,2,0,2
1956,Summer,Brazil,BRA,1,0,0,1
1956,Summer,Bulgaria,BUL,1,3,1,5
1956,Summer,Canada,CAN,2,1,3,6
1956,Summer,Chile,CHI,0,2,2,4
1956,Summer,Czechoslovakia,TCH,1,4,1,6
1956,Summer,Denmark,DEN,1,2,1,4
1956,Summer,Finland,FIN,3,1,11,15
1956,Summer,France,FRA,4,4,6,14
1956,Summer,Germany,GER,6,13,7,26
1956,Summer,Great Britain,GBR,6,7,11,24
1956,Summer,Greece,GRE,0,0,1,1
1956,Summer,Hungary,HUN,9,10,7,26
1956,Summer,Iceland,ISL,0,1,0,1
1956,Summer,India,IND,1,0,0,1
1956,Summer,Iran,IRI,2,2,1,5
1956,Summer,Ireland,IRL,1,1,3,5
1956,Summer,Italy,ITA,8,8,9,25
1956,Summer,Japan,JPN,4,10,3,17
1956,Summer,Mexico,MEX,1,0,1,2
1956,Summer,New Zealand,NZL,2,0,0,2
1956,Summer,Norway,NOR,1,0,2,3
1956,Summer,Pakistan,PAK,0,1,0,1
1956,Summer,Poland,POL,1,4,4,9
1956,Summer,Romania,ROU,5,3,5,13
1956,Summer,South Africa,RSA,0,0,4,4
1956,Summer,South Korea,KOR,0,1,1,2
1956,Summer,Soviet Union,URS,37,29,32,98
1956,Summer,Sweden,SWE,8,5,6,19
1956,Summer,Switzerland,SUI,0,0,1,1
1956,Summer,Turkey,TUR,3,2,2,7
1956,Summer,United States,USA,32,25,17,74
1956,Summer,Uruguay,URU,0,0,1,1
1956,Summer,Yugoslavia,YUG,0,3,0,3
1956,Winter,Austria,AUT,4,3,4,11
1956,Winter,Canada,CAN,0,1,2,3
1956,Winter,Finland,FIN,3,3,1,7
1956,Winter,Germany,GER,1,0,1,2
1956,Winter,Hungary,HUN,0,0,1,1
1956,Winter,Italy,ITA,1,2,0,3
1956,Winter,Japan,JPN,0,1,0,1
1956,Winter,Norway,NOR,2,1,1,4
1956,Winter,Poland,POL,0,0,1,1
1956,Winter,Soviet Union,URS,6,3,6,15
1956,Winter,Sweden,SWE,2,4,4,10
1956,Winter,Switzerland,SUI,3,2,1,6
1956,Winter,United States,USA,2,3,2,7
1960,Summer,Argentina,ARG,0,1,1,2
1960,Summer,Australia,AUS,8,8,6,22
1960,Summer,Austria,AUT,1,1,0,2
1960,Summer,Belgium,BEL,0,2,2,4
1960,Summer,Brazil,BRA,0,0,2,2
1960,Summer,Bulgaria,BUL,1,3,3,7
1960,Summer,Canada,CAN,0,1,0,1
1960,Summer,Chinese Taipei,TPE,0,1,0,1
1960,Summer,Czechoslovakia,TCH,3,2,3,8
1960,Summer,Denmark,DEN,2,3,1,6
1960,Summer,Ethiopia,ETH,1,0,0,1
1960,Summer,Finland,FIN,1,1,3,5
1960,Summer,France,FRA,0,2,3,5
1960,Summer,Germany,GER,12,19,11,42
1960,Summer,Ghana,GHA,0,1,0,1
1960,Summer,Great Britain,GBR,2,6,12,20
1960,Summer,Greece,GRE,1,0,0,1
1960,Summer,Hungary,HUN,6,8,7,21
1960,Summer,India,IND,0,1,0,1
1960,Summer,Iran,IRI,0,1,3,4
1960,Summer,Iraq,IRQ,0,0,1,1
1960,Summer,Italy,ITA,13,10,13,36
1960,Summer,Japan,JPN,4,7,7,18
1960,Summer,Mexico,MEX,0,0,1,1
1960,Summer,Morocco,MAR,0,1,0,1
1960,Summer,Netherlands,NED,0,1,2,3
1960,Summer,New Zealand,NZL,2,0,1,3
1960,Summer,Norway,NOR,1,0,0,1
1960,Summer,Pakistan,PAK,1,0,1,2
1960,Summer,Poland,POL,4,6,11,21
1960,Summer,Portugal,POR,0,1,0,1
1960,Summer,Romania,ROU,3,1,6,10
1960,Summer,Singapore,SGP,0,1,0,1
1960,Summer,South Africa,RSA,0,1,2,3
1960,Summer,Soviet Union,URS,43,29,31,103
1960,Summer,Spain,ESP,0,0,1,1
1960,Summer,Sweden,SWE,1,2,3,6
1960,Summer,Switzerland,SUI,0,3,3,6
1960,Summer,Turkey,TUR,7,2,0,9
1960,Summer,United Arab Republic,UAR,0,1,1,2
1960,Summer,United States,USA,34,21,16,71
1960,Summer,Venezuela,VEN,0,0,1,1
1960,Summer,West Indies Federation,WIF,0,0,2,2
1960,Summer,Yugoslavia,YUG,1,1,0,2
1960,Winter,Austria,AUT,1,2,3,6
1960,Winter,Canada,CAN,2,1,1,4
1960,Winter,Czechoslovakia,TCH,0,1,0,1
1960,Winter,Finland,FIN,2,3,3,8
1960,Winter,France,FRA,1,0,2,3
1960,Winter,Germany,GER,4,3,1,8
1960,Winter,Italy,ITA,0,0,1,1
1960,Winter,Netherlands,NED,0,1,1,2
1960,Winter,Norway,NOR,3,3,0,6
1960,Winter,Poland,POL,0,1,1,2
1960,Winter,Soviet Union,URS,7,5,9,21
1960,Winter,Sweden,SWE,3,2,2,7
1960,Winter,Switzerland,SUI,2,0,0,2
1960,Winter,United States,USA,3,4,3,10
1964,Summer,Argentina,ARG,0,1,0,1
1964,Summer,Australia,AUS,6,2,10,18
1964,Summer,Bahamas,BAH,1,0,0,1
1964,Summer,Belgium,BEL,2,0,1,3
1964,Summer,Brazil,BRA,0,0,1,1
1964,Summer,Bulgaria,BUL,3,5,2,10
1964,Summer,Canada,CAN,1,2,1,4
1964,Summer,Cuba,CUB,0,1,0,1
1964,Summer,Czechoslovakia,TCH,5,6,3,14
1964,Summer,Denmark,DEN,2,1,3,6
1964,Summer,Ethiopia,ETH,1,0,0,1
1964,Summer,Finland,FIN,3,0,2,5
1964,Summer,France,FRA,1,8,6,15
1964,Summer,Germany,GER,10,22,18,50
1964,Summer,Ghana,GHA,0,0,1,1
1964,Summer,Great Britain,GBR,4,12,2,18
1964,Summer,Hungary,HUN,10,7,5,22
1964,Summer,India,IND,1,0,0,1
1964,Summer,Iran,IRI,0,0,2,2
1964,Summer,Ireland,IRL,0,0,1,1
1964,Summer,Italy,ITA,10,10,7,27
1964,Summer,Japan,JPN,16,5,8,29
1964,Summer,Kenya,KEN,0,0,1,1
1964,Summer,Mexico,MEX,0,0,1,1
1964,Summer,Netherlands,NED,2,4,4,10
1964,Summer,New Zealand,NZL,3,0,2,5
1964,Summer,Nigeria,NGR,0,0,1,1
1964,Summer,Pakistan,PAK,0,1,0,1
1964,Summer,Philippines,PHI,0,1,0,1
1964,Summer,Poland,POL,7,6,10,23
1964,Summer,Romania,ROU,2,4,6,12
1964,Summer,South Korea,KOR,0,2,1,3
1964,Summer,Soviet Union,URS,30,30,33,93
1964,Summer,Sweden,SWE,2,2,4,8
1964,Summer,Switzerland,SUI,1,2,1,4
1964,Summer,Trinidad and Tobago,TTO,0,1,2,3
1964,Summer,Tunisia,TUN,0,1,1,2
1964,Summer,Turkey,TUR,2,3,1,6
1964,Summer,United States,USA,36,26,28,90
1964,Summer,Uruguay,URU,0,0,1,1
1964,Summer,Yugoslavia,YUG,2,1,2,5
1964,Winter,Austria,AUT,4,5,3,12
1964,Winter,Canada,CAN,1,1,1,3
1964,Winter,Czechoslovakia,TCH,0,0,1,1
1964,Winter,Finland,FIN,3,4,3,10
1964,Winter,France,FRA,3,4,0,7
1964,Winter,Germany,GER,3,3,3,9
1964,Winter,Great Britain,GBR,1,0,0,1
1964,Winter,Italy,ITA,0,1,3,4
1964,Winter,Netherlands,NED,1,1,0,2
1964,Winter,North Korea,PRK,0,1,0,1
1964,Winter,Norway,NOR,3,6,6,15
1964,Winter,Soviet Union,URS,11,7,6,24
1964,Winter,Sweden,SWE,3,3,1,7
1964,Winter,United States,USA,1,2,4,7
1968,Summer,Argentina,ARG,0,0,2,2
1968,Summer,Australia,AUS,5,7,5,17
1968,Summer,Austria,AUT,0,2,2,4
1968,Summer,Belgium,BEL,0,1,1,2
1968,Summer,Brazil,BRA,0,1,2,3
1968,Summer,Bulgaria,BUL,2,4,3,9
1968,Summer,Cameroon,CMR,0,1,0,1
1968,Summer,Canada,CAN,1,3,1,5
1968,Summer,Chinese Taipei,TPE,0,0,1,1
1968,Summer,Cuba,CUB,0,4,0,4
1968,Summer,Czechoslovakia,TCH,7,2,4,13
1968,Summer,Denmark,DEN,1,4,3,8
1968,Summer,East Germany,GDR,9,9,7,25
1968,Summer,Ethiopia,ETH,1,1,0,2
1968,Summer,Finland,FIN,1,2,1,4
1968,Summer,France,FRA,7,3,5,15
1968,Summer,Great Britain,GBR,5,5,3,13
1968,Summer,Greece,GRE,0,0,1,1
1968,Summer,Hungary,HUN,10,10,12,32
1968,Summer,India,IND,0,0,1,1
1968,Summer,Iran,IRI,2,1,2,5
1968,Summer,Italy,ITA,3,4,9,16
1968,Summer,Jamaica,JAM,0,1,0,1
1968,Summer,Japan,JPN,11,7,7,25
1968,Summer,Kenya,KEN,3,4,2,9
1968,Summer,Mexico,MEX,3,3,3,9
1968,Summer,Mongolia,MGL,0,1,3,4
1968,Summer,Netherlands,NED,3,3,1,7
1968,Summer,New Zealand,NZL,1,0,2,3
1968,Summer,Norway,NOR,1,1,0,2
1968,Summer,Pakistan,PAK,1,0,0,1
1968,Summer,Poland,POL,5,2,11,18
1968,Summer,Romania,ROU,4,6,5,15
1968,Summer,South Korea,KOR,0,1,1,2
1968,Summer,Soviet Union,URS,29,32,30,91
1968,Summer,Sweden,SWE,2,1,1,4
1968,Summer,Switzerland,SUI,0,1,4,5
1968,Summer,Tunisia,TUN,1,0,1,2
1968,Summer,Turkey,TUR,2,0,0,2
1968,Summer,Uganda,UGA,0,1,1,2
1968,Summer,United States,USA,45,28,34,107
1968,Summer,Venezuela,VEN,1,0,0,1
1968,Summer,West Germany,FRG,5,11,10,26
1968,Summer,Yugoslavia,YUG,3,3,2,8
1968,Winter,Austria,AUT,3,4,4,11
1968,Winter,Canada,CAN,1,1,1,3
1968,Winter,Czechoslovakia,TCH,1,2,1,4
1968,Winter,East Germany,GDR,1,2,2,5
1968,Winter,Finland,FIN,1,2,2,5
1968,Winter,France,FRA,4,3,2,9
1968,Winter,Italy,ITA,4,0,0,4
1968,Winter,Netherlands,NED,3,3,3,9
1968,Winter,Norway,NOR,6,6,2,14
1968,Winter,Romania,ROU,0,0,1,1
1968,Winter,Soviet Union,URS,5,5,3,13
1968,Winter,Sweden,SWE,3,2,3,8
1968,Winter,Switzerland,SUI,0,2,4,6
1968,Winter,United States,USA,1,3,1,5
1968,Winter,West Germany,FRG,2,2,3,7
1972,Summer,Argentina,ARG,0,1,0,1
1972,Summer,Australia,AUS,8,7,2,17
1972,Summer,Austria,AUT,0,1,2,3
1972,Summer,Belgium,BEL,0,2,0,2
1972,Summer,Brazil,BRA,0,0,2,2
1972,Summer,Bulgaria,BUL,6,10,5,21
1972,Summer,Canada,CAN,0,2,3,5
1972,Summer,Colombia,COL,0,1,2,3
1972,Summer,Cuba,CUB,3,1,4,8
1972,Summer,Czechoslovakia,TCH,2,4,2,8
1972,Summer,Denmark,DEN,1,0,0,1
1972,Summer,East Germany,GDR,20,23,23,66
1972,Summer,Ethiopia,ETH,0,0,2,2
1972,Summer,Finland,FIN,3,1,4,8
1972,Summer,France,FRA,2,4,7,13
1972,Summer,Ghana,GHA,0,0,1,1
1972,Summer,Great Britain,GBR,4,5,9,18
1972,Summer,Greece,GRE,0,2,0,2
1972,Summer,Hungary,HUN,6,13,16,35
1972,Summer,India,IND,0,0,1,1
1972,Summer,Iran,IRI,0,2,1,3
1972,Summer,Italy,ITA,5,3,10,18
1972,Summer,Jamaica,JAM,0,0,1,1
1972,Summer,Japan,JPN,13,8,8,29
1972,Summer,Kenya,KEN,2,3,4,9
1972,Summer,Lebanon,LIB,0,1,0,1
1972,Summer,Mexico,MEX,0,1,0,1
1972,Summer,Mongolia,MGL,0,1,0,1
1972,Summer,Netherlands,NED,3,1,1,5
1972,Summer,New Zealand,NZL,1,1,1,3
1972,Summer,Niger,NIG,0,0,1,1
1972,Summer,Nigeria,NGR,0,0,1,1
1972,Summer,North Korea,PRK,1,1,3,5
1972,Summer,Norway,NOR,2,1,1,4
1972,Summer,Pakistan,PAK,0,1,0,1
1972,Summer,Poland,POL,7,5,9,21
1972,Summer,Romania,ROU,3,6,7,16
1972,Summer,South Korea,KOR,0,1,0,1
1972,Summer,Soviet Union,URS,50,27,22,99
1972,Summer,Spain,ESP,0,0,1,1
1972,Summer,Sweden,SWE,4,6,6,16
1972,Summer,Switzerland,SUI,0,3,0,3
1972,Summer,Tunisia,TUN,0,1,0,1
1972,Summer,Turkey,TUR,0,1,0,1
1972,Summer,Uganda,UGA,1,1,0,2
1972,Summer,United States,USA,33,31,30,94
1972,Summer,West Germany,FRG,13,11,16,40
1972,Summer,Yugoslavia,YUG,2,1,2,5
1972,Winter,Austria,AUT,1,2,2,5
1972,Winter,Canada,CAN,0,1,0,1
1972,Winter,Czechoslovakia,TCH,1,0,2,3
1972,Winter,East Germany,GDR,4,3,7,14
1972,Winter,Finland,FIN,0,4,1,5
1972,Winter,France,FRA,0,1,2,3
1972,Winter,Italy,ITA,2,2,1,5
1972,Winter,Japan,JPN,1,1,1,3
1972,Winter,Netherlands,NED,4,3,2,9
1972,Winter,Norway,NOR,2,5,5,12
1972,Winter,Poland,POL,1,0,0,1
1972,Winter,Soviet Union,URS,8,5,3,16
1972,Winter,Spain,ESP,1,0,0,1
1972,Winter,Sweden,SWE,1,1,2,4
1972,Winter,Switzerland,SUI,4,3,3,10
1972,Winter,United States,USA,3,2,3,8
1972,Winter,West Germany,FRG,3,1,1,5
1976,Summer,Australia,AUS,0,1,4,5
1976,Summer,Austria,AUT,0,0,1,1
1976,Summer,Belgium,BEL,0,3,3,6
1976,Summer,Bermuda,BER,0,0,1,1
1976,Summer,Brazil,BRA,0,0,2,2
1976,Summer,Bulgaria,BUL,6,9,7,22
1976,Summer,Canada,CAN,0,5,6,11
1976,Summer,Cuba,CUB,6,4,3,13
1976,Summer,Czechoslovakia,TCH,2,2,4,8
1976,Summer,Denmark,DEN,1,0,2,3
1976,Summer,East Germany,GDR,40,25,25,90
1976,Summer,Finland,FIN,4,2,0,6
1976,Summer,France,FRA,2,3,4,9
1976,Summer,Great Britain,GBR,3,5,5,13
1976,Summer,Hungary,HUN,4,5,13,22
1976,Summer,Iran,IRI,0,1,1,2
1976,Summer,Italy,ITA,2,7,4,13
1976,Summer,Jamaica,JAM,1,1,0,2
1976,Summer,Japan,JPN,9,6,10,25
1976,Summer,Mexico,MEX,1,0,1,2
1976,Summer,Mongolia,MGL,0,1,0,1
1976,Summer,Netherlands,NED,0,2,3,5
1976,Summer,New Zealand,NZL,2,1,1,4
1976,Summer,North Korea,PRK,1,1,0,2
1976,Summer,Norway,NOR,1,1,0,2
1976,Summer,Pakistan,PAK,0,0,1,1
1976,Summer,Poland,POL,7,6,13,26
1976,Summer,Portugal,POR,0,2,0,2
1976,Summer,Puerto Rico,PUR,0,0,1,1
1976,Summer,Romania,ROU,4,9,14,27
1976,Summer,South Korea,KOR,1,1,4,6
1976,Summer,Soviet Union,URS,49,41,35,125
1976,Summer,Spain,ESP,0,2,0,2
1976,Summer,Sweden,SWE,4,1,0,5
1976,Summer,Switzerland,SUI,1,1,2,4
1976,Summer,Thailand,THA,0,0,1,1
1976,Summer,Trinidad and Tobago,TTO,1,0,0,1
1976,Summer,United States,USA,34,35,25,94
1976,Summer,Venezuela,VEN,0,1,0,1
1976,Summer,West Germany,FRG,10,12,17,39
1976,Summer,Yugoslavia,YUG,2,3,3,8
1976,Winter,Austria,AUT,2,2,2,6
1976,Winter,Canada,CAN,1,1,1,3
1976,Winter,Czechoslovakia,TCH,0,1,0,1
1976,Winter,East Germany,GDR,7,5,7,19
1976,Winter,Finland,FIN,2,4,1,7
1976,Winter,France,FRA,0,0,1,1
1976,Winter,Great Britain,GBR,1,0,0,1
1976,Winter,Italy,ITA,1,2,1,4
1976,Winter,Liechtenstein,LIE,0,0,2,2
1976,Winter,Netherlands,NED,1,2,3,6
1976,Winter,Norway,NOR,3,3,1,7
1976,Winter,Soviet Union,URS,13,6,8,27
1976,Winter,Sweden,SWE,0,0,2,2
1976,Winter,Switzerland,SUI,1,3,1,5
1976,Winter,United States,USA,3,3,4,10
1976,Winter,West Germany,FRG,2,5,3,10
1980,Summer,Australia,AUS,2,2,5,9
1980,Summer,Austria,AUT,1,2,1,4
1980,Summer,Belgium,BEL,1,0,0,1
1980,Summer,Brazil,BRA,2,0,2,4
1980,Summer,Bulgaria,BUL,8,16,17,41
1980,Summer,Cuba,CUB,8,7,5,20
1980,Summer,Czechoslovakia,TCH,2,3,9,14
1980,Summer,Denmark,DEN,2,1,2,5
1980,Summer,East Germany,GDR,47,37,42,126
1980,Summer,Ethiopia,ETH,2,0,2,4
1980,Summer,Finland,FIN,3,1,4,8
1980,Summer,France,FRA,6,5,3,14
1980,Summer,Great Britain,GBR,5,7,9,21
1980,Summer,Greece,GRE,1,0,2,3
1980,Summer,Guyana,GUY,0,0,1,1
1980,Summer,Hungary,HUN,7,10,15,32
1980,Summer,India,IND,1,0,0,1
1980,Summer,Ireland,IRL,0,1,1,2
1980,Summer,Italy,ITA,8,3,4,15
1980,Summer,Jamaica,JAM,0,0,3,3
1980,Summer,Lebanon,LIB,0,0,1,1
1980,Summer,Mexico,MEX,0,1,3,4
1980,Summer,Mongolia,MGL,0,2,2,4
1980,Summer,Netherlands,NED,0,1,2,3
1980,Summer,North Korea,PRK,0,3,2,5
1980,Summer,Poland,POL,3,14,15,32
1980,Summer,Romania,ROU,6,6,13,25
1980,Summer,Soviet Union,URS,80,69,46,195
1980,Summer,Spain,ESP,1,3,2,6
1980,Summer,Sweden,SWE,3,3,6,12
1980,Summer,Switzerland,SUI,2,0,0,2
1980,Summer,Tanzania,TAN,0,2,0,2
1980,Summer,Uganda,UGA,0,1,0,1
1980,Summer,Venezuela,VEN,0,1,0,1
1980,Summer,Yugoslavia,YUG,2,3,4,9
1980,Summer,Zimbabwe,ZIM,1,0,0,1
1980,Winter,Austria,AUT,3,2,2,7
1980,Winter,Bulgaria,BUL,0,0,1,1
1980,Winter,Canada,CAN,0,1,1,2
1980,Winter,Czechoslovakia,TCH,0,0,1,1
1980,Winter,East Germany,GDR,9,7,7,23
1980,Winter,Finland,FIN,1,5,3,9
1980,Winter,France,FRA,0,0,1,1
1980,Winter,Great Britain,GBR,1,0,0,1
1980,Winter,Hungary,HUN,0,1,0,1
1980,Winter,Italy,ITA,0,2,0,2
1980,Winter,Japan,JPN,0,1,0,1
1980,Winter,Liechtenstein,LIE,2,2,0,4
1980,Winter,Netherlands,NED,1,2,1,4
1980,Winter,Norway,NOR,1,3,6,10
1980,Winter,Soviet Union,URS,10,6,6,22
1980,Winter,Sweden,SWE,3,0,1,4
1980,Winter,Switzerland,SUI,1,1,3,5
1980,Winter,United States,USA,6,4,2,12
1980,Winter,West Germany,FRG,0,2,3,5
1984,Summer,Algeria,ALG,0,0,2,2
1984,Summer,Australia,AUS,4,8,12,24
1984,Summer,Austria,AUT,1,1,1,3
1984,Summer,Belgium,BEL,1,1,2,4
1984,Summer,Brazil,BRA,1,5,2,8
1984,Summer,Cameroon,CMR,0,0,1,1
1984,Summer,Canada,CAN,10,18,16,44
1984,Summer,China,CHN,15,8,9,32
1984,Summer,Chinese Taipei,TPE,0,0,1,1
1984,Summer,Colombia,COL,0,1,0,1
1984,Summer,Denmark,DEN,0,3,3,6
1984,Summer,Dominican Republic,DOM,0,0,1,1
1984,Summer,Egypt,EGY,0,1,0,1
1984,Summer,Finland,FIN,4,2,6,12
1984,Summer,France,FRA,5,7,16,28
1984,Summer,Great Britain,GBR,5,11,21,37
1984,Summer,Greece,GRE,0,1,1,2
1984,Summer,Iceland,ISL,0,0,1,1
1984,Summer,Ireland,IRL,0,1,0,1
1984,Summer,Italy,ITA,14,6,12,32
1984,Summer,Ivory Coast,CIV,0,1,0,1
1984,Summer,Jamaica,JAM,0,1,2,3
1984,Summer,Japan,JPN,10,7,14,31
1984,Summer,Kenya,KEN,1,0,2,3
1984,Summer,Mexico,MEX,2,3,1,6
1984,Summer,Morocco,MAR,2,0,0,2
1984,Summer,Netherlands,NED,5,2,6,13
1984,Summer,New Zealand,NZL,8,1,2,11
1984,Summer,Nigeria,NGR,0,1,1,2
1984,Summer,Norway,NOR,0,1,2,3
1984,Summer,Pakistan,PAK,1,0,0,1
1984,Summer,Peru,PER,0,1,0,1
1984,Summer,Portugal,POR,1,0,2,3
1984,Summer,Puerto Rico,PUR,0,1,1,2
1984,Summer,Romania,ROU,19,16,17,52
1984,Summer,South Korea,KOR,6,6,7,19
1984,Summer,Spain,ESP,1,2,2,5
1984,Summer,Sweden,SWE,2,11,6,19
1984,Summer,Switzerland,SUI,0,4,4,8
1984,Summer,Syria,SYR,0,1,0,1
1984,Summer,Thailand,THA,0,1,0,1
1984,Summer,Turkey,TUR,0,0,3,3
1984,Summer,United States,USA,82,61,30,173
1984,Summer,Venezuela,VEN,0,0,3,3
1984,Summer,West Germany,FRG,17,19,23,59
1984,Summer,Yugoslavia,YUG,7,4,7,18
1984,Summer,Zambia,ZAM,0,0,1,1
1984,Winter,Austria,AUT,0,0,1,1
1984,Winter,Canada,CAN,2,1,1,4
1984,Winter,Czechoslovakia,TCH,0,2,4,6
1984,Winter,East Germany,GDR,9,9,6,24
1984,Winter,Finland,FIN,4,3,6,13
1984,Winter,France,FRA,0,1,2,3
1984,Winter,Great Britain,GBR,1,0,0,1
1984,Winter,Italy,ITA,2,0,0,2
1984,Winter,Japan,JPN,0,1,0,1
1984,Winter,Liechtenstein,LIE,0,0,2,2
1984,Winter,Norway,NOR,3,2,4,9
1984,Winter,Soviet Union,URS,6,10,9,25
1984,Winter,Sweden,SWE,4,2,2,8
1984,Winter,Switzerland,SUI,2,2,1,5
1984,Winter,United States,USA,4,4,0,8
1984,Winter,West Germany,FRG,2,1,1,4
1984,Winter,Yugoslavia,YUG,0,1,0,1
1988,Summer,Argentina,ARG,0,1,1,2
1988,Summer,Australia,AUS,3,6,5,14
1988,Summer,Austria,AUT,1,0,0,1
1988,Summer,Belgium,BEL,0,0,2,2
1988,Summer,Brazil,BRA,1,2,3,6
1988,Summer,Bulgaria,BUL,10,12,13,35
1988,Summer,Canada,CAN,3,2,5,10
1988,Summer,Chile,CHI,0,1,0,1
1988,Summer,China,CHN,5,11,12,28
1988,Summer,Colombia,COL,0,0,1,1
1988,Summer,Costa Rica,CRC,0,1,0,1
1988,Summer,Czechoslovakia,TCH,3,3,2,8
1988,Summer,Denmark,DEN,2,1,1,4
1988,Summer,Djibouti,DJI,0,0,1,1
1988,Summer,East Germany,GDR,37,35,30,102
1988,Summer,Finland,FIN,1,1,2,4
1988,Summer,France,FRA,6,4,6,16
1988,Summer,Great Britain,GBR,5,10,9,24
1988,Summer,Greece,GRE,0,0,1,1
1988,Summer,Hungary,HUN,11,6,6,23
1988,Summer,Indonesia,INA,0,1,0,1
1988,Summer,Iran,IRI,0,1,0,1
1988,Summer,Italy,ITA,6,4,4,14
1988,Summer,Jamaica,JAM,0,2,0,2
1988,Summer,Japan,JPN,4,3,7,14
1988,Summer,Kenya,KEN,5,2,2,9
1988,Summer,Mexico,MEX,0,0,2,2
1988,Summer,Mongolia,MGL,0,0,1,1
1988,Summer,Morocco,MAR,1,0,2,3
1988,Summer,Netherlands,NED,2,2,5,9
1988,Summer,Netherlands Antilles,AHO,0,1,0,1
1988,Summer,New Zealand,NZL,3,2,8,13
1988,Summer,Norway,NOR,2,3,0,5
1988,Summer,Pakistan,PAK,0,0,1,1
1988,Summer,Peru,PER,0,1,0,1
1988,Summer,Philippines,PHI,0,0,1,1
1988,Summer,Poland,POL,2,5,9,16
1988,Summer,Portugal,POR,1,0,0,1
1988,Summer,Romania,ROU,7,11,6,24
1988,Summer,Senegal,SEN,0,1,0,1
1988,Summer,South Korea,KOR,12,10,11,33
1988,Summer,Soviet Union,URS,54,31,46,131
1988,Summer,Spain,ESP,1,1,2,4
1988,Summer,Suriname,SUR,1,0,0,1
1988,Summer,Sweden,SWE,0,4,7,11
1988,Summer,Switzerland,SUI,0,2,2,4
1988,Summer,Thailand,THA,0,0,1,1
1988,Summer,Turkey,TUR,1,1,0,2
1988,Summer,United States,USA,36,31,27,94
1988,Summer,Virgin Islands,ISV,0,1,0,1
1988,Summer,West Germany,FRG,11,14,15,40
1988,Summer,Yugoslavia,YUG,3,4,5,12
1988,Winter,Austria,AUT,3,5,2,10
1988,Winter,Canada,CAN,0,2,3,5
1988,Winter,Czechoslovakia,TCH,0,1,2,3
1988,Winter,East Germany,GDR,9,10,6,25
1988,Winter,Finland,FIN,4,1,2,7
1988,Winter,France,FRA,1,0,1,2
1988,Winter,Italy,ITA,2,1,2,5
1988,Winter,Japan,JPN,0,0,1,1
1988,Winter,Liechtenstein,LIE,0,0,1,1
1988,Winter,Netherlands,NED,3,2,2,7
1988,Winter,Norway,NOR,0,3,2,5
1988,Winter,Soviet Union,URS,11,9,9,29
1988,Winter,Sweden,SWE,4,0,2,6
1988,Winter,Switzerland,SUI,5,5,5,15
1988,Winter,United States,USA,2,1,3,6
1988,Winter,West Germany,FRG,2,4,2,8
1988,Winter,Yugoslavia,YUG,0,2,1,3
1992,Summer,Algeria,ALG,1,0,1,2
1992,Summer,Argentina,ARG,0,0,1,1
1992,Summer,Australia,AUS,7,9,11,27
1992,Summer,Austria,AUT,0,2,0,2
1992,Summer,Bahamas,BAH,0,0,1,1
1992,Summer,Belgium,BEL,0,1,2,3
1992,Summer,Brazil,BRA,2,1,0,3
1992,Summer,Bulgaria,BUL,3,7,6,16
1992,Summer,Canada,CAN,7,4,7,18
1992,Summer,China,CHN,16,22,15,53
1992,Summer,Chinese Taipei,TPE,0,1,0,1
1992,Summer,Colombia,COL,0,0,1,1
1992,Summer,Croatia,CRO,0,1,2,3
1992,Summer,Cuba,CUB,14,6,11,31
1992,Summer,Czechoslovakia,TCH,4,2,1,7
1992,Summer,Denmark,DEN,1,1,4,6
1992,Summer,Estonia,EST,1,0,1,2
1992,Summer,Ethiopia,ETH,1,0,2,3
1992,Summer,Finland,FIN,1,2,2,5
1992,Summer,France,FRA,8,5,16,29
1992,Summer,Germany,GER,33,21,28,82
1992,Summer,Ghana,GHA,0,0,1,1
1992,Summer,Great Britain,GBR,5,3,12,20
1992,Summer,Greece,GRE,2,0,0,2
1992,Summer,Hungary,HUN,11,12,7,30
1992,Summer,Independent Olympic Athletes,IOA,0,1,2,3
1992,Summer,Indonesia,INA,2,2,1,5
1992,Summer,Iran,IRI,0,1,2,3
1992,Summer,Ireland,IRL,1,1,0,2
1992,Summer,Israel,ISR,0,1,1,2
1992,Summer,Italy,ITA,6,5,8,19
1992,Summer,Jamaica,JAM,0,3,1,4
1992,Summer,Japan,JPN,3,8,11,22
1992,Summer,Kenya,KEN,2,4,2,8
1992,Summer,Latvia,LAT,0,2,1,3
1992,Summer,Lithuania,LTU,1,0,1,2
1992,Summer,Malaysia,MAS,0,0,1,1
1992,Summer,Mexico,MEX,0,1,0,1
1992,Summer,Mongolia,MGL,0,0,2,2
1992,Summer,Morocco,MAR,1,1,1,3
1992,Summer,Namibia,NAM,0,2,0,2
1992,Summer,Netherlands,NED,2,6,7,15
1992,Summer,New Zealand,NZL,1,4,5,10
1992,Summer,Nigeria,NGR,0,3,1,4
1992,Summer,North Korea,PRK,4,0,5,9
1992,Summer,Norway,NOR,2,4,1,7
1992,Summer,Pakistan,PAK,0,0,1,1
1992,Summer,Peru,PER,0,1,0,1
1992,Summer,Philippines,PHI,0,0,1,1
1992,Summer,Poland,POL,3,6,10,19
1992,Summer,Puerto Rico,PUR,0,0,1,1
1992,Summer,Qatar,QAT,0,0,1,1
1992,Summer,Romania,ROU,4,6,8,18
1992,Summer,Slovenia,SLO,0,0,2,2
1992,Summer,South Africa,RSA,0,2,0,2
1992,Summer,South Korea,KOR,12,5,11,28
1992,Summer,Spain,ESP,13,7,2,22
1992,Summer,Suriname,SUR,0,0,1,1
1992,Summer,Sweden,SWE,1,7,4,12
1992,Summer,Switzerland,SUI,1,0,0,1
1992,Summer,Thailand,THA,0,0,1,1
1992,Summer,Turkey,TUR,2,2,2,6
1992,Summer,Unified Team,EUN,45,38,29,112
1992,Summer,United States,USA,37,34,37,108
1992,Winter,Austria,AUT,6,7,8,21
1992,Winter,Canada,CAN,2,3,2,7
1992,Winter,China,CHN,0,3,0,3
1992,Winter,Czechoslovakia,TCH,0,0,3,3
1992,Winter,Finland,FIN,3,1,3,7
1992,Winter,France,FRA,3,5,1,9
1992,Winter,Germany,GER,10,10,6,26
1992,Winter,Italy,ITA,4,6,4,14
1992,Winter,Japan,JPN,1,2,4,7
1992,Winter,Luxembourg,LUX,0,2,0,2
1992,Winter,Netherlands,NED,1,1,2,4
1992,Winter,New Zealand,NZL,0,1,0,1
1992,Winter,North Korea,PRK,0,0,1,1
1992,Winter,Norway,NOR,7,5,5,17
1992,Winter,South Korea,KOR,2,1,1,4
1992,Winter,Spain,ESP,0,0,1,1
1992,Winter,Sweden,SWE,1,0,3,4
1992,Winter,Switzerland,SUI,1,0,2,3
1992,Winter,Unified Team,EUN,9,6,8,23
1992,Winter,United States,USA,5,4,2,11
1994,Winter,Australia,AUS,0,0,1,1
1994,Winter,Austria,AUT,2,3,4,9
1994,Winter,Belarus,BLR,0,2,0,2
1994,Winter,Canada,CAN,3,6,4,13
1994,Winter,China,CHN,0,1,2,3
1994,Winter,Finland,FIN,0,1,5,6
1994,Winter,France,FRA,0,1,4,5
1994,Winter,Germany,GER,9,7,8,24
1994,Winter,Great Britain,GBR,0,0,2,2
1994,Winter,Italy,ITA,7,5,8,20
1994,Winter,Japan,JPN,1,2,2,5
1994,Winter,Kazakhstan,KAZ,1,2,0,3
1994,Winter,Netherlands,NED,0,1,3,4
1994,Winter,Norway,NOR,8,10,5,23
1994,Winter,Russia,RUS,11,8,4,23
1994,Winter,Slovenia,SLO,0,0,3,3
1994,Winter,South Korea,KOR,4,1,1,6
1994,Winter,Sweden,SWE,2,1,0,3
1994,Winter,Switzerland,SUI,3,4,2,9
1994,Winter,Ukraine,UKR,1,0,1,2
1994,Winter,United States,USA,6,5,2,13
1994,Winter,Uzbekistan,UZB,1,0,0,1
1996,Summer,Algeria,ALG,2,0,1,3
1996,Summer,Argentina,ARG,0,2,1,3
1996,Summer,Armenia,ARM,1,1,0,2
1996,Summer,Australia,AUS,9,9,23,41
1996,Summer,Austria,AUT,0,1,2,3
1996,Summer,Azerbaijan,AZE,0,1,0,1
1996,Summer,Bahamas,BAH,0,1,0,1
1996,Summer,Belarus,BLR,1,6,8,15
1996,Summer,Belgium,BEL,2,2,2,6
1996,Summer,Brazil,BRA,3,3,9,15
1996,Summer,Bulgaria,BUL,3,7,5,15
1996,Summer,Burundi,BDI,1,0,0,1
1996,Summer,Canada,CAN,3,11,8,22
1996,Summer,China,CHN,16,22,12,50
1996,Summer,Chinese Taipei,TPE,0,1,0,1
1996,Summer,Costa Rica,CRC,1,0,0,1
1996,Summer,Croatia,CRO,1,1,0,2
1996,Summer,Cuba,CUB,9,8,8,25
1996,Summer,Czech Republic,CZE,4,3,4,11
1996,Summer,Denmark,DEN,4,1,1,6
1996,Summer,Ecuador,ECU,1,0,0,1
1996,Summer,Ethiopia,ETH,2,0,1,3
1996,Summer,Finland,FIN,1,2,1,4
1996,Summer,France,FRA,15,7,15,37
1996,Summer,Georgia,GEO,0,0,2,2
1996,Summer,Germany,GER,20,18,27,65
1996,Summer,Great Britain,GBR,1,8,6,15
1996,Summer,Greece,GRE,4,4,0,8
1996,Summer,Hong Kong,HKG,1,0,0,1
1996,Summer,Hungary,HUN,7,4,10,21
1996,Summer,India,IND,0,0,1,1
1996,Summer,Indonesia,INA,1,1,2,4
1996,Summer,Iran,IRI,1,1,1,3
1996,Summer,Ireland,IRL,3,0,1,4
1996,Summer,Israel,ISR,0,0,1,1
1996,Summer,Italy,ITA,13,10,12,35
1996,Summer,Jamaica,JAM,1,3,2,6
1996,Summer,Japan,JPN,3,6,5,14
1996,Summer,Kazakhstan,KAZ,3,4,4,11
1996,Summer,Kenya,KEN,1,4,3,8
1996,Summer,Latvia,LAT,0,1,0,1
1996,Summer,Lithuania,LTU,0,0,1,1
1996,Summer,Malaysia,MAS,0,1,1,2
1996,Summer,Mexico,MEX,0,0,1,1
1996,Summer,Moldova,MDA,0,1,1,2
1996,Summer,Mongolia,MGL,0,0,1,1
1996,Summer,Morocco,MAR,0,0,2,2
1996,Summer,Mozambique,MOZ,0,0,1,1
1996,Summer,Namibia,NAM,0,2,0,2
1996,Summer,Netherlands,NED,4,5,10,19
1996,Summer,New Zealand,NZL,3,2,1,6
1996,Summer,Nigeria,NGR,2,1,3,6
1996,Summer,North Korea,PRK,2,1,2,5
1996,Summer,Norway,NOR,2,2,3,7
1996,Summer,Philippines,PHI,0,1,0,1
1996,Summer,Poland,POL,7,5,5,17
1996,Summer,Portugal,POR,1,0,1,2
1996,Summer,Puerto Rico,PUR,0,0,1,1
1996,Summer,Romania,ROU,4,7,8,19
1996,Summer,Russia,RUS,26,21,16,63
1996,Summer,Serbia and Montenegro,SCG,1,1,2,4
1996,Summer,Slovakia,SVK,1,1,1,3
1996,Summer,Slovenia,SLO,0,2,0,2
1996,Summer,South Africa,RSA,3,1,1,5
1996,Summer,South Korea,KOR,7,15,5,27
1996,Summer,Spain,ESP,5,6,6,17
1996,Summer,Sweden,SWE,2,4,2,8
1996,Summer,Switzerland,SUI,4,3,0,7
1996,Summer,Syria,SYR,1,0,0,1
1996,Summer,Thailand,THA,1,0,1,2
1996,Summer,Tonga,TGA,0,1,0,1
1996,Summer,Trinidad and Tobago,TTO,0,0,2,2
1996,Summer,Tunisia,TUN,0,0,1,1
1996,Summer,Turkey,TUR,4,1,1,6
1996,Summer,Uganda,UGA,0,0,1,1
1996,Summer,Ukraine,UKR,9,2,12,23
1996,Summer,United States,USA,44,32,25,101
1996,Summer,Uzbekistan,UZB,0,1,1,2
1996,Summer,Zambia,ZAM,0,1,0,1
1998,Winter,Australia,AUS,0,0,1,1
1998,Winter,Austria,AUT,3,5,9,17
1998,Winter,Belarus,BLR,0,0,2,2
1998,Winter,Belgium,BEL,0,0,1,1
1998,Winter,Bulgaria,BUL,1,0,0,1
1998,Winter,Canada,CAN,6,5,4,15
1998,Winter,China,CHN,0,6,2,8
1998,Winter,Czech Republic,CZE,1,1,1,3
1998,Winter,Denmark,DEN,0,1,0,1
1998,Winter,Finland,FIN,2,4,6,12
1998,Winter,France,FRA,2,1,5,8
1998,Winter,Germany,GER,12,9,8,29
1998,Winter,Great Britain,GBR,0,0,1,1
1998,Winter,Italy,ITA,2,6,2,10
1998,Winter,Japan,JPN,5,1,4,10
1998,Winter,Kazakhstan,KAZ,0,0,2,2
1998,Winter,Netherlands,NED,5,4,2,11
1998,Winter,Norway,NOR,8,9,5,22
1998,Winter,Russia,RUS,9,6,3,18
1998,Winter,South Korea,KOR,3,1,2,6
1998,Winter,Sweden,SWE,0,2,1,3
1998,Winter,Switzerland,SUI,2,2,3,7
1998,Winter,Ukraine,UKR,0,1,0,1
1998,Winter,United States,USA,6,3,4,13
2000,Summer,Algeria,ALG,1,1,3,5
2000,Summer,Argentina,ARG,0,2,2,4
2000,Summer,Armenia,ARM,0,0,1,1
2000,Summer,Australia,AUS,16,25,17,58
2000,Summer,Austria,AUT,2,1,0,3
2000,Summer,Azerbaijan,AZE,2,0,1,3
2000,Summer,Bahamas,BAH,2,0,1,3
2000,Summer,Barbados,BAR,0,0,1,1
2000,Summer,Belarus,BLR,3,3,11,17
2000,Summer,Belgium,BEL,0,2,3,5
2000,Summer,Brazil,BRA,0,6,6,12
2000,Summer,Bulgaria,BUL,5,6,2,13
2000,Summer,Cameroon,CMR,1,0,0,1
2000,Summer,Canada,CAN,3,3,8,14
2000,Summer,Chile,CHI,0,0,1,1
2000,Summer,China,CHN,28,16,14,58
2000,Summer,Chinese Taipei,TPE,0,1,4,5
2000,Summer,Colombia,COL,1,0,0,1
2000,Summer,Costa Rica,CRC,0,0,2,2
2000,Summer,Croatia,CRO,1,0,1,2
2000,Summer,Cuba,CUB,11,11,7,29
2000,Summer,Czech Republic,CZE,2,3,3,8
2000,Summer,Denmark,DEN,2,3,1,6
2000,Summer,Estonia,EST,1,0,2,3
2000,Summer,Ethiopia,ETH,4,1,3,8
2000,Summer,Finland,FIN,2,1,1,4
2000,Summer,France,FRA,13,14,11,38
2000,Summer,Georgia,GEO,0,0,6,6
2000,Summer,Germany,GER,13,17,26,56
2000,Summer,Great Britain,GBR,11,10,7,28
2000,Summer,Greece,GRE,4,6,3,13
2000,Summer,Hungary,HUN,8,6,3,17
2000,Summer,Iceland,ISL,0,0,1,1
2000,Summer,India,IND,0,0,1,1
2000,Summer,Indonesia,INA,1,3,2,6
2000,Summer,Iran,IRI,3,0,1,4
2000,Summer,Ireland,IRL,0,1,0,1
2000,Summer,Israel,ISR,0,0,1,1
2000,Summer,Italy,ITA,13,8,13,34
2000,Summer,Jamaica,JAM,0,6,3,9
2000,Summer,Japan,JPN,5,8,5,18
2000,Summer,Kazakhstan,KAZ,3,4,0,7
2000,Summer,Kenya,KEN,2,3,2,7
2000,Summer,Kuwait,KUW,0,0,1,1
2000,Summer,Kyrgyzstan,KGZ,0,0,1,1
2000,Summer,Latvia,LAT,1,1,1,3
2000,Summer,Lithuania,LTU,2,0,3,5
2000,Summer,Mexico,MEX,1,2,3,6
2000,Summer,Moldova,MDA,0,1,1,2
2000,Summer,Morocco,MAR,0,1,4,5
2000,Summer,Mozambique,MOZ,1,0,0,1
2000,Summer,Netherlands,NED,12,9,4,25
2000,Summer,New Zealand,NZL,1,0,3,4
2000,Summer,Nigeria,NGR,1,2,0,3
2000,Summer,North Korea,PRK,0,1,3,4
2000,Summer,North Macedonia,MKD,0,0,1,1
2000,Summer,Norway,NOR,4,3,3,10
2000,Summer,Poland,POL,6,5,3,14
2000,Summer,Portugal,POR,0,0,2,2
2000,Summer,Qatar,QAT,0,0,1,1
2000,Summer,Romania,ROU,11,6,9,26
2000,Summer,Russia,RUS,32,28,29,89
2000,Summer,Saudi Arabia,KSA,0,1,1,2
2000,Summer,Serbia and Montenegro,SCG,1,1,1,3
2000,Summer,Slovakia,SVK,1,3,1,5
2000,Summer,Slovenia,SLO,2,0,0,2
2000,Summer,South Africa,RSA,0,2,3,5
2000,Summer,South Korea,KOR,8,10,10,28
2000,Summer,Spain,ESP,3,3,5,11
2000,Summer,Sri Lanka,SRI,0,1,0,1
2000,Summer,Sweden,SWE,4,5,3,12
2000,Summer,Switzerland,SUI,1,6,2,9
2000,Summer,Thailand,THA,1,0,2,3
2000,Summer,Trinidad and Tobago,TTO,0,1,1,2
2000,Summer,Turkey,TUR,3,0,2,5
2000,Summer,Ukraine,UKR,3,10,10,23
2000,Summer,United States,USA,36,24,31,91
2000,Summer,Uruguay,URU,0,1,0,1
2000,Summer,Uzbekistan,UZB,1,1,2,4
2000,Summer,Vietnam,VIE,0,1,0,1
2002,Winter,Australia,AUS,2,0,0,2
2002,Winter,Austria,AUT,3,4,10,17
2002,Winter,Belarus,BLR,0,0,1,1
2002,Winter,Bulgaria,BUL,0,1,2,3
2002,Winter,Canada,CAN,7,3,7,17
2002,Winter,China,CHN,2,2,4,8
2002,Winter,Croatia,CRO,3,1,0,4
2002,Winter,Czech Republic,CZE,1,2,0,3
2002,Winter,Estonia,EST,1,1,1,3
2002,Winter,Finland,FIN,4,2,1,7
2002,Winter,France,FRA,4,5,2,11
2002,Winter,Germany,GER,12,16,8,36
2002,Winter,Great Britain,GBR,1,0,1,2
2002,Winter,Italy,ITA,4,4,5,13
2002,Winter,Japan,JPN,0,1,1,2
2002,Winter,Netherlands,NED,3,5,0,8
2002,Winter,Norway,NOR,12,5,7,24
2002,Winter,Poland,POL,0,1,1,2
2002,Winter,Russia,RUS,5,4,4,13
2002,Winter,Slovenia,SLO,0,0,1,1
2002,Winter,South Korea,KOR,2,2,0,4
2002,Winter,Sweden,SWE,0,2,5,7
2002,Winter,Switzerland,SUI,3,2,6,11
2002,Winter,United States,USA,10,13,11,34
2004,Summer,Argentina,ARG,2,0,4,6
2004,Summer,Australia,AUS,17,16,17,50
2004,Summer,Austria,AUT,2,4,1,7
2004,Summer,Azerbaijan,AZE,1,0,4,5
2004,Summer,Bahamas,BAH,1,0,1,2
2004,Summer,Belarus,BLR,2,5,6,13
2004,Summer,Belgium,BEL,1,0,2,3
2004,Summer,Brazil,BRA,5,2,3,10
2004,Summer,Bulgaria,BUL,2,1,9,12
2004,Summer,Cameroon,CMR,1,0,0,1
2004,Summer,Canada,CAN,3,6,3,12
2004,Summer,Chile,CHI,2,0,1,3
2004,Summer,China,CHN,32,17,14,63
2004,Summer,Chinese Taipei,TPE,2,2,1,5
2004,Summer,Colombia,COL,0,0,2,2
2004,Summer,Croatia,CRO,1,2,2,5
2004,Summer,Cuba,CUB,9,7,11,27
2004,Summer,Czech Republic,CZE,1,3,5,9
2004,Summer,Denmark,DEN,2,1,5,8
2004,Summer,Dominican Republic,DOM,1,0,0,1
2004,Summer,Egypt,EGY,1,1,3,5
2004,Summer,Eritrea,ERI,0,0,1,1
2004,Summer,Estonia,EST,0,1,2,3
2004,Summer,Ethiopia,ETH,2,3,2,7
2004,Summer,Finland,FIN,0,2,0,2
2004,Summer,France,FRA,11,9,13,33
2004,Summer,Georgia,GEO,2,2,0,4
2004,Summer,Germany,GER,13,16,20,49
2004,Summer,Great Britain,GBR,9,9,12,30
2004,Summer,Greece,GRE,6,6,4,16
2004,Summer,Hong Kong,HKG,0,1,0,1
2004,Summer,Hungary,HUN,8,6,3,17
2004,Summer,India,IND,0,1,0,1
2004,Summer,Indonesia,INA,1,1,2,4
2004,Summer,Iran,IRI,2,2,2,6
2004,Summer,Israel,ISR,1,0,1,2
2004,Summer,Italy,ITA,10,11,11,32
2004,Summer,Jamaica,JAM,2,1,2,5
2004,Summer,Japan,JPN,16,9,12,37
2004,Summer,Kazakhstan,KAZ,1,4,3,8
2004,Summer,Kenya,KEN,1,4,2,7
2004,Summer,Latvia,LAT,0,4,0,4
2004,Summer,Lithuania,LTU,1,2,0,3
2004,Summer,Mexico,MEX,0,3,1,4
2004,Summer,Mongolia,MGL,0,0,1,1
2004,Summer,Morocco,MAR,2,1,0,3
2004,Summer,Netherlands,NED,4,9,9,22
2004,Summer,New Zealand,NZL,3,2,0,5
2004,Summer,Nigeria,NGR,0,0,2,2
2004,Summer,North Korea,PRK,0,4,1,5
2004,Summer,Norway,NOR,5,0,1,6
2004,Summer,Paraguay,PAR,0,1,0,1
2004,Summer,Poland,POL,3,2,5,10
2004,Summer,Portugal,POR,0,2,1,3
2004,Summer,Romania,ROU,8,5,6,19
2004,Summer,Russia,RUS,28,26,36,90
2004,Summer,Serbia and Montenegro,SCG,0,2,0,2
2004,Summer,Slovakia,SVK,2,2,2,6
2004,Summer,Slovenia,SLO,0,1,3,4
2004,Summer,South Africa,RSA,1,3,2,6
2004,Summer,South Korea,KOR,9,12,9,30
2004,Summer,Spain,ESP,3,11,6,20
2004,Summer,Sweden,SWE,4,2,1,7
2004,Summer,Switzerland,SUI,1,1,3,5
2004,Summer,Syria,SYR,0,0,1,1
2004,Summer,Thailand,THA,3,1,4,8
2004,Summer,Trinidad and Tobago,TTO,0,0,1,1
2004,Summer,Turkey,TUR,3,3,5,11
2004,Summer,Ukraine,UKR,8,5,9,22
2004,Summer,United Arab Emirates,UAE,1,0,0,1
2004,Summer,United States,USA,36,39,26,101
2004,Summer,Uzbekistan,UZB,2,1,2,5
2004,Summer,Venezuela,VEN,0,0,2,2
2004,Summer,Zimbabwe,ZIM,1,1,1,3
2006,Winter,Australia,AUS,1,0,1,2
2006,Winter,Austria,AUT,9,7,7,23
2006,Winter,Belarus,BLR,0,1,0,1
2006,Winter,Bulgaria,BUL,0,1,0,1
2006,Winter,Canada,CAN,7,10,7,24
2006,Winter,China,CHN,2,4,5,11
2006,Winter,Croatia,CRO,1,2,0,3
2006,Winter,Czech Republic,CZE,1,2,1,4
2006,Winter,Estonia,EST,3,0,0,3
2006,Winter,Finland,FIN,0,6,3,9
2006,Winter,France,FRA,3,2,4,9
2006,Winter,Germany,GER,11,12,6,29
2006,Winter,Great Britain,GBR,0,1,0,1
2006,Winter,Italy,ITA,5,0,6,11
2006,Winter,Japan,JPN,1,0,0,1
2006,Winter,Latvia,LAT,0,0,1,1
2006,Winter,Netherlands,NED,3,2,4,9
2006,Winter,Norway,NOR,2,8,9,19
2006,Winter,Poland,POL,0,1,1,2
2006,Winter,Russia,RUS,8,6,8,22
2006,Winter,Slovakia,SVK,0,1,0,1
2006,Winter,South Korea,KOR,6,3,2,11
2006,Winter,Sweden,SWE,7,2,5,14
2006,Winter,Switzerland,SUI,5,4,5,14
2006,Winter,Ukraine,UKR,0,0,2,2
2006,Winter,United States,USA,9,9,7,25
2008,Summer,Afghanistan,AFG,0,0,1,1
2008,Summer,Algeria,ALG,0,1,1,2
2008,Summer,Argentina,ARG,2,0,4,6
2008,Summer,Armenia,ARM,0,0,6,6
2008,Summer,Australia,AUS,14,15,17,46
2008,Summer,Austria,AUT,0,1,2,3
2008,Summer,Azerbaijan,AZE,1,2,4,7
2008,Summer,Bahamas,BAH,0,1,1,2
2008,Summer,Belarus,BLR,4,5,9,18
2008,Summer,Belgium,BEL,1,1,0,2
2008,Summer,Brazil,BRA,3,4,9,16
2008,Summer,Bulgaria,BUL,1,1,3,5
2008,Summer,Cameroon,CMR,1,0,0,1
2008,Summer,Canada,CAN,3,9,7,19
2008,Summer,Chile,CHI,0,1,0,1
2008,Summer,China,CHN,51,21,28,100
2008,Summer,Chinese Taipei,TPE,0,0,4,4
2008,Summer,Colombia,COL,0,1,1,2
2008,Summer,Croatia,CRO,0,2,3,5
2008,Summer,Cuba,CUB,2,11,11,24
2008,Summer,Czech Republic,CZE,3,3,0,6
2008,Summer,Denmark,DEN,2,2,3,7
2008,Summer,Dominican Republic,DOM,1,1,0,2
2008,Summer,Ecuador,ECU,0,1,0,1
2008,Summer,Egypt,EGY,0,0,1,1
2008,Summer,Estonia,EST,1,1,0,2
2008,Summer,Ethiopia,ETH,4,1,2,7
2008,Summer,Finland,FIN,1,1,2,4
2008,Summer,France,FRA,7,16,18,41
2008,Summer,Georgia,GEO,3,0,3,6
2008,Summer,Germany,GER,16,10,15,41
2008,Summer,Great Britain,GBR,19,13,16,48
2008,Summer,Greece,GRE,0,2,2,4
2008,Summer,Hungary,HUN,3,5,2,10
2008,Summer,Iceland,ISL,0,1,0,1
2008,Summer,India,IND,1,0,2,3
2008,Summer,Indonesia,INA,1,1,3,5
2008,Summer,Iran,IRI,1,0,1,2
2008,Summer,Ireland,IRL,0,1,2,3
2008,Summer,Israel,ISR,0,0,1,1
2008,Summer,Italy,ITA,8,9,10,27
2008,Summer,Jamaica,JAM,5,2,2,9
2008,Summer,Japan,JPN,9,7,9,25
2008,Summer,Kazakhstan,KAZ,2,4,7,13
2008,Summer,Kenya,KEN,6,4,5,15
2008,Summer,Kyrgyzstan,KGZ,0,1,1,2
2008,Summer,Latvia,LAT,1,1,1,3
2008,Summer,Lithuania,LTU,0,2,3,5
2008,Summer,Malaysia,MAS,0,1,0,1
2008,Summer,Mauritius,MRI,0,0,1,1
2008,Summer,Mexico,MEX,2,0,1,3
2008,Summer,Moldova,MDA,0,0,1,1
2008,Summer,Mongolia,MGL,2,2,0,4
2008,Summer,Morocco,MAR,0,1,1,2
2008,Summer,Netherlands,NED,7,5,4,16
2008,Summer,New Zealand,NZL,3,2,4,9
2008,Summer,Nigeria,NGR,0,1,3,4
2008,Summer,North Korea,PRK,2,1,3,6
2008,Summer,Norway,NOR,3,5,1,9
2008,Summer,Panama,PAN,1,0,0,1
2008,Summer,Poland,POL,3,6,1,10
2008,Summer,Portugal,POR,1,1,0,2
2008,Summer,Romania,ROU,4,1,3,8
2008,Summer,Russia,RUS,23,21,28,72
2008,Summer,Serbia,SRB,0,1,2,3
2008,Summer,Singapore,SGP,0,1,0,1
2008,Summer,Slovakia,SVK,3,2,1,6
2008,Summer,Slovenia,SLO,1,2,2,5
2008,Summer,South Africa,RSA,0,1,0,1
2008,Summer,South Korea,KOR,13,10,8,31
2008,Summer,Spain,ESP,5,10,3,18
2008,Summer,Sudan,SUD,0,1,0,1
2008,Summer,Sweden,SWE,0,4,1,5
2008,Summer,Switzerland,SUI,2,1,4,7
2008,Summer,Tajikistan,TJK,0,1,1,2
2008,Summer,Thailand,THA,2,2,0,4
2008,Summer,Togo,TOG,0,0,1,1
2008,Summer,Trinidad and Tobago,TTO,1,1,0,2
2008,Summer,Tunisia,TUN,1,0,0,1
2008,Summer,Turkey,TUR,1,3,3,7
2008,Summer,Ukraine,UKR,7,5,15,27
2008,Summer,United States,USA,36,39,35,110
2008,Summer,Uzbekistan,UZB,1,2,3,6
2008,Summer,Venezuela,VEN,0,0,1,1
2008,Summer,Vietnam,VIE,0,1,0,1
2008,Summer,Zimbabwe,ZIM,1,3,0,4
2010,Winter,Australia,AUS,2,1,0,3
2010,Winter,Austria,AUT,4,6,6,16
2010,Winter,Belarus,BLR,1,1,1,3
2010,Winter,Canada,CAN,14,7,5,26
2010,Winter,China,CHN,5,2,4,11
2010,Winter,Croatia,CRO,0,2,1,3
2010,Winter,Czech Republic,CZE,2,0,4,6
2010,Winter,Estonia,EST,0,1,0,1
2010,Winter,Finland,FIN,0,1,4,5
2010,Winter,France,FRA,2,3,6,11
2010,Winter,Germany,GER,10,13,7,30
2010,Winter,Great Britain,GBR,1,0,0,1
2010,Winter,Italy,ITA,1,1,3,5
2010,Winter,Japan,JPN,0,3,2,5
2010,Winter,Kazakhstan,KAZ,0,1,0,1
2010,Winter,Latvia,LAT,0,2,0,2
2010,Winter,Netherlands,NED,4,1,3,8
2010,Winter,Norway,NOR,9,8,6,23
2010,Winter,Poland,POL,1,3,2,6
2010,Winter,Russia,RUS,3,5,7,15
2010,Winter,Slovakia,SVK,1,1,1,3
2010,Winter,Slovenia,SLO,0,2,1,3
2010,Winter,South Korea,KOR,6,6,2,14
2010,Winter,Sweden,SWE,5,2,4,11
2010,Winter,Switzerland,SUI,6,0,3,9
2010,Winter,United States,USA,9,15,13,37
2012,Summer,Afghanistan,AFG,0,0,1,1
2012,Summer,Algeria,ALG,1,0,0,1
2012,Summer,Argentina,ARG,1,1,2,4
2012,Summer,Armenia,ARM,0,1,2,3
2012,Summer,Australia,AUS,7,16,12,35
2012,Summer,Azerbaijan,AZE,2,2,6,10
2012,Summer,Bahamas,BAH,1,0,0,1
2012,Summer,Bahrain,BRN,0,0,1,1
2012,Summer,Belarus,BLR,2,5,5,12
2012,Summer,Belgium,BEL,0,1,2,3
2012,Summer,Botswana,BOT,0,1,0,1
2012,Summer,Brazil,BRA,3,5,9,17
2012,Summer,Bulgaria,BUL,0,1,1,2
2012,Summer,Canada,CAN,1,5,12,18
2012,Summer,China,CHN,38,27,23,88
2012,Summer,Chinese Taipei,TPE,0,1,1,2
2012,Summer,Colombia,COL,1,3,4,8
2012,Summer,Croatia,CRO,3,1,2,6
2012,Summer,Cuba,CUB,5,3,6,14
2012,Summer,Cyprus,CYP,0,1,0,1
2012,Summer,Czech Republic,CZE,4,3,3,10
2012,Summer,Denmark,DEN,2,4,3,9
2012,Summer,Dominican Republic,DOM,1,1,0,2
2012,Summer,Egypt,EGY,0,2,0,2
2012,Summer,Estonia,EST,0,1,1,2
2012,Summer,Ethiopia,ETH,3,1,3,7
2012,Summer,Finland,FIN,0,1,2,3
2012,Summer,France,FRA,11,11,13,35
2012,Summer,Gabon,GAB,0,1,0,1
2012,Summer,Georgia,GEO,1,3,3,7
2012,Summer,Germany,GER,11,19,14,44
2012,Summer,Great Britain,GBR,29,17,19,65
2012,Summer,Greece,GRE,0,0,2,2
2012,Summer,Grenada,GRN,1,0,0,1
2012,Summer,Guatemala,GUA,0,1,0,1
2012,Summer,Hong Kong,HKG,0,0,1,1
2012,Summer,Hungary,HUN,8,4,6,18
2012,Summer,India,IND,0,2,4,6
2012,Summer,Indonesia,INA,0,1,1,2
2012,Summer,Iran,IRI,4,5,3,12
2012,Summer,Ireland,IRL,1,1,3,5
2012,Summer,Italy,ITA,8,9,11,28
2012,Summer,Jamaica,JAM,4,4,4,12
2012,Summer,Japan,JPN,7,14,17,38
2012,Summer,Kazakhstan,KAZ,7,1,5,13
2012,Summer,Kenya,KEN,2,4,5,11
2012,Summer,Kuwait,KUW,0,0,1,1
2012,Summer,Latvia,LAT,1,0,1,2
2012,Summer,Lithuania,LTU,2,1,2,5
2012,Summer,Malaysia,MAS,0,1,1,2
2012,Summer,Mexico,MEX,1,3,3,7
2012,Summer,Moldova,MDA,0,0,2,2
2012,Summer,Mongolia,MGL,0,2,3,5
2012,Summer,Montenegro,MNE,0,1,0,1
2012,Summer,Morocco,MAR,0,0,1,1
2012,Summer,Netherlands,NED,6,6,8,20
2012,Summer,New Zealand,NZL,6,2,5,13
2012,Summer,North Korea,PRK,4,0,2,6
2012,Summer,Norway,NOR,2,1,1,4
2012,Summer,Poland,POL,2,2,6,10
2012,Summer,Portugal,POR,0,1,0,1
2012,Summer,Puerto Rico,PUR,0,1,1,2
2012,Summer,Qatar,QAT,0,0,2,2
2012,Summer,Romania,ROU,2,5,2,9
2012,Summer,Russia,RUS,24,26,32,82
2012,Summer,Saudi Arabia,KSA,0,0,1,1
2012,Summer,Serbia,SRB,1,1,2,4
2012,Summer,Singapore,SGP,0,0,2,2
2012,Summer,Slovakia,SVK,0,1,3,4
2012,Summer,Slovenia,SLO,1,1,2,4
2012,Summer,South Africa,RSA,3,2,1,6
2012,Summer,South Korea,KOR,13,8,7,28
2012,Summer,Spain,ESP,3,10,4,17
2012,Summer,Sweden,SWE,1,4,3,8
2012,Summer,Switzerland,SUI,2,2,0,4
2012,Summer,Tajikistan,TJK,0,0,1,1
2012,Summer,Thailand,THA,0,2,1,3
2012,Summer,Trinidad and Tobago,TTO,1,1,2,4
2012,Summer,Tunisia,TUN,1,1,1,3
2012,Summer,Turkey,TUR,2,2,1,5
2012,Summer,Uganda,UGA,1,0,0,1
2012,Summer,Ukraine,UKR,6,5,9,20
2012,Summer,United States,USA,46,28,29,103
2012,Summer,Uzbekistan,UZB,1,0,2,3
2012,Summer,Venezuela,VEN,1,0,0,1
2014,Winter,Australia,AUS,0,2,1,3
2014,Winter,Austria,AUT,4,8,5,17
2014,Winter,Belarus,BLR,5,0,1,6
2014,Winter,Canada,CAN,10,10,5,25
2014,Winter,China,CHN,3,4,2,9
2014,Winter,Croatia,CRO,0,1,0,1
2014,Winter,Czech Republic,CZE,2,4,2,8
2014,Winter,Finland,FIN,1,3,1,5
2014,Winter,France,FRA,4,4,7,15
2014,Winter,Germany,GER,8,6,5,19
2014,Winter,Great Britain,GBR,1,1,2,4
2014,Winter,Italy,ITA,0,2,6,8
2014,Winter,Japan,JPN,1,4,3,8
2014,Winter,Kazakhstan,KAZ,0,0,1,1
2014,Winter,Latvia,LAT,0,2,2,4
2014,Winter,Netherlands,NED,8,7,9,24
2014,Winter,Norway,NOR,11,5,10,26
2014,Winter,Poland,POL,4,1,1,6
2014,Winter,Russia,RUS,13,11,9,33
2014,Winter,Slovakia,SVK,1,0,0,1
2014,Winter,Slovenia,SLO,2,2,4,8
2014,Winter,South Korea,KOR,3,3,2,8
2014,Winter,Sweden,SWE,2,7,6,15
2014,Winter,Switzerland,SUI,6,3,2,11
2014,Winter,Ukraine,UKR,1,0,1,2
2014,Winter,United States,USA,9,7,12,28
2016,Summer,Algeria,ALG,0,2,0,2
2016,Summer,Argentina,ARG,3,1,0,4
2016,Summer,Armenia,ARM,1,3,0,4
2016,Summer,Australia,AUS,8,11,10,29
2016,Summer,Austria,AUT,0,0,1,1
2016,Summer,Azerbaijan,AZE,1,7,10,18
2016,Summer,Bahamas,BAH,1,0,1,2
2016,Summer,Bahrain,BRN,1,1,0,2
2016,Summer,Belarus,BLR,1,4,4,9
2016,Summer,Belgium,BEL,2,2,2,6
2016,Summer,Brazil,BRA,7,6,6,19
2016,Summer,Bulgaria,BUL,0,1,2,3
2016,Summer,Burundi,BDI,0,1,0,1
2016,Summer,Canada,CAN,4,3,15,22
2016,Summer,China,CHN,26,18,26,70
2016,Summer,Chinese Taipei,TPE,1,0,2,3
2016,Summer,Colombia,COL,3,2,3,8
2016,Summer,Croatia,CRO,5,3,2,10
2016,Summer,Cuba,CUB,5,2,4,11
2016,Summer,Czech Republic,CZE,1,2,7,10
2016,Summer,Denmark,DEN,2,6,7,15
2016,Summer,Dominican Republic,DOM,0,0,1,1
2016,Summer,Egypt,EGY,0,0,3,3
2016,Summer,Estonia,EST,0,0,1,1
2016,Summer,Ethiopia,ETH,1,2,5,8
2016,Summer,Fiji,FIJ,1,0,0,1
2016,Summer,Finland,FIN,0,0,1,1
2016,Summer,France,FRA,10,18,14,42
2016,Summer,Georgia,GEO,2,1,4,7
2016,Summer,Germany,GER,17,10,15,42
2016,Summer,Great Britain,GBR,27,23,17,67
2016,Summer,Greece,GRE,3,1,2,6
2016,Summer,Grenada,GRN,0,1,0,1
2016,Summer,Hungary,HUN,8,3,4,15
2016,Summer,Independent Olympic Athletes,IOA,1,0,1,2
2016,Summer,India,IND,0,1,1,2
2016,Summer,Indonesia,INA,1,2,0,3
2016,Summer,Iran,IRI,3,1,4,8
2016,Summer,Ireland,IRL,0,2,0,2
2016,Summer,Israel,ISR,0,0,2,2
2016,Summer,Italy,ITA,8,12,8,28
2016,Summer,Ivory Coast,CIV,1,0,1,2
2016,Summer,Jamaica,JAM,6,3,2,11
2016,Summer,Japan,JPN,12,8,21,41
2016,Summer,Jordan,JOR,1,0,0,1
2016,Summer,Kazakhstan,KAZ,3,5,10,18
2016,Summer,Kenya,KEN,6,6,1,13
2016,Summer,Kosovo,KOS,1,0,0,1
2016,Summer,Lithuania,LTU,0,1,3,4
2016,Summer,Malaysia,MAS,0,4,1,5
2016,Summer,Mexico,MEX,0,3,2,5
2016,Summer,Mongolia,MGL,0,1,1,2
2016,Summer,Morocco,MAR,0,0,1,1
2016,Summer,Netherlands,NED,8,7,4,19
2016,Summer,New Zealand,NZL,4,9,5,18
2016,Summer,Niger,NIG,0,1,0,1
2016,Summer,Nigeria,NGR,0,0,1,1
2016,Summer,North Korea,PRK,2,3,2,7
2016,Summer,Norway,NOR,0,0,4,4
2016,Summer,Philippines,PHI,0,1,0,1
2016,Summer,Poland,POL,2,3,6,11
2016,Summer,Portugal,POR,0,0,1,1
2016,Summer,Puerto Rico,PUR,1,0,0,1
2016,Summer,Qatar,QAT,0,1,0,1
2016,Summer,Romania,ROU,1,1,2,4
2016,Summer,Russia,RUS,19,17,20,56
2016,Summer,Serbia,SRB,2,4,2,8
2016,Summer,Singapore,SGP,1,0,0,1
2016,Summer,Slovakia,SVK,2,2,0,4
2016,Summer,Slovenia,SLO,1,2,1,4
2016,Summer,South Africa,RSA,2,6,2,10
2016,Summer,South Korea,KOR,9,3,9,21
2016,Summer,Spain,ESP,7,4,6,17
2016,Summer,Sweden,SWE,2,6,3,11
2016,Summer,Switzerland,SUI,3,2,2,7
2016,Summer,Tajikistan,TJK,1,0,0,1
2016,Summer,Thailand,THA,2,2,2,6
2016,Summer,Trinidad and Tobago,TTO,0,0,1,1
2016,Summer,Tunisia,TUN,0,0,3,3
2016,Summer,Turkey,TUR,1,3,4,8
2016,Summer,Ukraine,UKR,2,5,4,11
2016,Summer,United Arab Emirates,UAE,0,0,1,1
2016,Summer,United States,USA,46,37,38,121
2016,Summer,Uzbekistan,UZB,4,2,7,13
2016,Summer,Venezuela,VEN,0,1,2,3
2016,Summer,Vietnam,VIE,1,1,0,2
2020,Summer,Argentina,ARG,0,1,2,3
2020,Summer,Armenia,ARM,0,2,2,4
2020,Summer,Australia,AUS,17,7,22,46
2020,Summer,Austria,AUT,1,1,5,7
2020,Summer,Azerbaijan,AZE,0,3,4,7
2020,Summer,Bahamas,BAH,2,0,0,2
2020,Summer,Bahrain,BRN,0,1,0,1
2020,Summer,Belarus,BLR,1,3,3,7
2020,Summer,Belgium,BEL,3,1,3,7
2020,Summer,Bermuda,BER,1,0,0,1
2020,Summer,Botswana,BOT,0,0,1,1
2020,Summer,Brazil,BRA,7,6,8,21
2020,Summer,Bulgaria,BUL,3,1,2,6
2020,Summer,Burkina Faso,BUR,0,0,1,1
2020,Summer,Canada,CAN,7,6,11,24
2020,Summer,Chinese Taipei,TPE,2,4,6,12
2020,Summer,Colombia,COL,0,4,1,5
2020,Summer,Croatia,CRO,3,3,2,8
2020,Summer,Cuba,CUB,7,3,5,15
2020,Summer,Czech Republic,CZE,4,4,3,11
2020,Summer,Ivory Coast,CIV,0,0,1,1
2020,Summer,Denmark,DEN,3,4,4,11
2020,Summer,Dominican Republic,DOM,0,3,2,5
2020,Summer,Ecuador,ECU,2,1,0,3
2020,Summer,Egypt,EGY,1,1,4,6
2020,Summer,Estonia,EST,1,0,1,2
2020,Summer,Ethiopia,ETH,1,1,2,4
2020,Summer,Fiji,FIJ,1,0,1,2
2020,Summer,Finland,FIN,0,0,2,2
2020,Summer,France,FRA,10,12,11,33
2020,Summer,Georgia,GEO,2,5,1,8
2020,Summer,Germany,GER,10,11,16,37
2020,Summer,Ghana,GHA,0,0,1,1
2020,Summer,Great Britain,GBR,22,21,22,65
2020,Summer,Greece,GRE,2,1,1,4
2020,Summer,Grenada,GRN,0,0,1,1
2020,Summer,Hong Kong,HKG,1,2,3,6
2020,Summer,Hungary,HUN,6,7,7,20
2020,Summer,India,IND,1,2,4,7
2020,Summer,Indonesia,INA,1,1,3,5
2020,Summer,Ireland,IRL,2,0,2,4
2020,Summer,Iran,IRI,3,2,2,7
2020,Summer,Israel,ISR,2,0,2,4
2020,Summer,Italy,ITA,10,10,20,40
2020,Summer,Jamaica,JAM,4,1,4,9
2020,Summer,Japan,JPN,27,14,17,58
2020,Summer,Jordan,JOR,0,1,1,2
2020,Summer,Kazakhstan,KAZ,0,0,8,8
2020,Summer,Kenya,KEN,4,4,2,10
2020,Summer,Kosovo,KOS,2,0,0,2
2020,Summer,Kuwait,KUW,0,0,1,1
2020,Summer,Kyrgyzstan,KGZ,0,2,1,3
2020,Summer,Latvia,LAT,1,0,1,2
2020,Summer,Lithuania,LTU,0,1,0,1
2020,Summer,Malaysia,MAS,0,1,1,2
2020,Summer,Mexico,MEX,0,0,4,4
2020,Summer,Mongolia,MGL,0,1,3,4
2020,Summer,Morocco,MAR,1,0,0,1
2020,Summer,Namibia,NAM,0,1,0,1
2020,Summer,Netherlands,NED,10,12,14,36
2020,Summer,New Zealand,NZL,7,6,7,20
2020,Summer,Nigeria,NGR,0,1,1,2
2020,Summer,North Macedonia,MKD,0,1,0,1
2020,Summer,Norway,NOR,4,2,2,8
2020,Summer,China,CHN,38,32,18,88
2020,Summer,Philippines,PHI,1,2,1,4
2020,Summer,Poland,POL,4,5,5,14
2020,Summer,Portugal,POR,1,1,2,4
2020,Summer,Puerto Rico,PUR,1,0,0,1
2020,Summer,Qatar,QAT,2,0,1,3
2020,Summer,ROC,ROC,20,28,23,71
2020,Summer,South Korea,KOR,6,4,10,20
2020,Summer,Moldova,MDA,0,0,1,1
2020,Summer,Romania,ROU,1,3,0,4
2020,Summer,San Marino,SMR,0,1,2,3
2020,Summer,Saudi Arabia,KSA,0,1,0,1
2020,Summer,Serbia,SRB,3,1,5,9
2020,Summer,Slovakia,SVK,1,2,1,4
2020,Summer,Slovenia,SLO,3,1,1,5
2020,Summer,South Africa,RSA,1,2,0,3
2020,Summer,Spain,ESP,3,8,6,17
2020,Summer,Sweden,SWE,3,6,0,9
2020,Summer,Switzerland,SUI,3,4,6,13
2020,Summer,Syria,SYR,0,0,1,1
2020,Summer,Thailand,THA,1,0,1,2
2020,Summer,Tunisia,TUN,1,1,0,2
2020,Summer,Turkey,TUR,2,2,9,13
2020,Summer,Turkmenistan,TKM,0,1,0,1
2020,Summer,Uganda,UGA,2,1,1,4
2020,Summer,Ukraine,UKR,1,6,12,19
2020,Summer,United States,USA,39,41,33,113
2020,Summer,Uzbekistan,UZB,3,0,2,5
2020,Summer,Venezuela,VEN,1,3,0,4
2024,Summer,Albania,ALB,0,0,2,2
2024,Summer,Algeria,ALG,2,0,1,3
2024,Summer,Argentina,ARG,1,1,1,3
2024,Summer,Armenia,ARM,0,3,1,4
2024,Summer,Australia,AUS,18,19,16,53
2024,Summer,Austria,AUT,2,0,3,5
2024,Summer,Azerbaijan,AZE,2,2,3,7
2024,Summer,Bahrain,BRN,2,1,1,4
2024,Summer,Belgium,BEL,3,1,6,10
2024,Summer,Botswana,BOT,1,1,0,2
2024,Summer,Brazil,BRA,3,7,10,20
2024,Summer,Bulgaria,BUL,3,1,3,7
2024,Summer,Canada,CAN,9,7,11,27
2024,Summer,Cape Verde,CPV,0,0,1,1
2024,Summer,Chile,CHI,1,1,0,2
2024,Summer,China,CHN,40,27,24,91
2024,Summer,Chinese Taipei,TPE,2,0,5,7
2024,Summer,Colombia,COL,0,3,1,4
2024,Summer,Croatia,CRO,2,2,3,7
2024,Summer,Cuba,CUB,2,1,6,9
2024,Summer,Cyprus,CYP,0,1,0,1
2024,Summer,Czech Republic,CZE,3,0,2,5
2024,Summer,Denmark,DEN,2,2,5,9
2024,Summer,Dominica,DMA,1,0,0,1
2024,Summer,Dominican Republic,DOM,1,0,2,3
2024,Summer,Ecuador,ECU,1,2,2,5
2024,Summer,Egypt,EGY,1,1,1,3
2024,Summer,Ethiopia,ETH,1,3,0,4
2024,Summer,Fiji,FIJ,0,1,0,1
2024,Summer,France,FRA,16,26,22,64
2024,Summer,Georgia,GEO,3,3,1,7
2024,Summer,Germany,GER,12,13,8,33
2024,Summer,Great Britain,GBR,14,22,29,65
2024,Summer,Greece,GRE,1,1,6,8
2024,Summer,Grenada,GRN,0,0,2,2
2024,Summer,Guatemala,GUA,1,0,1,2
2024,Summer,Hong Kong,HKG,2,0,2,4
2024,Summer,Hungary,HUN,6,7,6,19
2024,Summer,India,IND,0,1,5,6
2024,Summer,Indonesia,INA,2,0,1,3
2024,Summer,Iran,IRI,3,6,3,12
2024,Summer,Ireland,IRL,4,0,3,7
2024,Summer,Israel,ISR,1,5,1,7
2024,Summer,Italy,ITA,12,13,15,40
2024,Summer,Ivory Coast,CIV,0,0,1,1
2024,Summer,Jamaica,JAM,1,3,2,6
2024,Summer,Japan,JPN,20,12,13,45
2024,Summer,Jordan,JOR,0,1,0,1
2024,Summer,Kazakhstan,KAZ,1,3,3,7
2024,Summer,Kenya,KEN,4,2,5,11
2024,Summer,Kosovo,KOS,0,1,1,2
2024,Summer,Kyrgyzstan,KGZ,0,2,4,6
2024,Summer,Lithuania,LTU,0,2,2,4
2024,Summer,Malaysia,MAS,0,0,2,2
2024,Summer,Mexico,MEX,0,3,2,5
2024,Summer,Moldova,MDA,0,1,3,4
2024,Summer,Mongolia,MGL,0,1,0,1
2024,Summer,Morocco,MAR,1,0,1,2
2024,Summer,Netherlands,NED,15,7,12,34
2024,Summer,New Zealand,NZL,10,7,3,20
2024,Summer,North Korea,PRK,0,2,4,6
2024,Summer,Norway,NOR,4,1,3,8
2024,Summer,Pakistan,PAK,1,0,0,1
2024,Summer,Panama,PAN,0,1,0,1
2024,Summer,Peru,PER,0,0,1,1
2024,Summer,Philippines,PHI,2,0,2,4
2024,Summer,Poland,POL,1,4,5,10
2024,Summer,Portugal,POR,1,2,1,4
2024,Summer,Puerto Rico,PUR,0,0,2,2
2024,Summer,Qatar,QAT,0,0,1,1
2024,Summer,Refugee Olympic Team,EOR,0,0,1,1
2024,Summer,Romania,ROU,3,4,2,9
2024,Summer,Serbia,SRB,3,1,1,5
2024,Summer,Singapore,SGP,0,0,1,1
2024,Summer,Slovakia,SVK,0,0,1,1
2024,Summer,Slovenia,SLO,2,1,0,3
2024,Summer,South Africa,RSA,1,3,2,6
2024,Summer,South Korea,KOR,13,9,10,32
2024,Summer,Spain,ESP,5,4,9,18
2024,Summer,St Lucia,LCA,1,1,0,2
2024,Summer,Sweden,SWE,4,4,3,11
2024,Summer,Switzerland,SUI,1,2,5,8
2024,Summer,Tajikistan,TJK,0,0,3,3
2024,Summer,Thailand,THA,1,3,2,6
2024,Summer,Tunisia,TUN,1,1,1,3
2024,Summer,Turkey,TUR,0,3,5,8
2024,Summer,Uganda,UGA,1,1,0,2
2024,Summer,Ukraine,UKR,3,5,4,12
2024,Summer,United States,USA,40,44,42,126
2024,Summer,Uzbekistan,UZB,8,2,3,13
2024,Summer,Zambia,ZAM,0,0,1,1
