Year,Season,Sport,Gold,Silver,Bronze,Total Medals
1900,Summer,Athletics,0,2,0,2
1928,Summer,Hockey,1,0,0,1
1932,Summer,Hockey,1,0,0,1
1936,Summer,Hockey,1,0,0,1
1948,Summer,Hockey,1,0,0,1
1952,Summer,Hockey,1,0,0,1
1952,Summer,Wrestling,0,0,1,1
1956,Summer,Hockey,1,0,0,1
1960,Summer,Hockey,0,1,0,1
1964,Summer,Hockey,1,0,0,1
1968,Summer,Hockey,0,0,1,1
1972,Summer,Hockey,0,0,1,1
1980,Summer,Hockey,1,0,0,1
1996,Summer,Tennis,0,0,1,1
2000,Summer,Weightlifting,0,0,1,1
2004,Summer,Shooting,0,1,0,1
2008,Summer,Boxing,0,0,1,1
2008,Summer,Shooting,1,0,0,1
2008,Summer,Wrestling,0,0,1,1
2012,Summer,Badminton,0,0,1,1
2012,Summer,Boxing,0,0,1,1
2012,Summer,Shooting,0,1,1,2
2012,Summer,Wrestling,0,1,1,2
2016,Summer,Badminton,0,1,0,1
2016,Summer,Wrestling,0,0,1,1
2020,Summer,Athletics,1,0,0,1
2020,Summer,Badminton,0,0,1,1
2020,Summer,Boxing,0,0,1,1
2020,Summer,Hockey,0,0,1,1
2020,Summer,Weightlifting,0,1,0,1
2020,Summer,Wrestling,0,1,1,2
2024,Summer,Athletics,0,1,0,1
2024,Summer,Field hockey,0,0,1,1
2024,Summer,Shooting,0,0,3,3
2024,Summer,Wrestling,0,0,1,1
