dataset,column,issue_type,original_condition,action_taken,reason,rows_affected,validation_result,notes
athlete_events_cleaned.csv,all,column_naming,"Mixed-case column names (ID, Name, Sex, Height ...) with no units","Renamed to snake_case; Height->height_cm, Weight->weight_kg, ID->athlete_id (units follow the Kaggle 120-years documentation: cm / kg)",Consistent naming across all cleaned files,15,"15 columns, same order",
athlete_events_cleaned.csv,age,missing_value_representation,9474 cells contain the text 'NA',Replaced with an empty cell (true missing),"One consistent missing-value representation; text ""NA"" breaks numeric typing in Sheets/Looker. Nothing imputed.",9474,0 'NA' text cells remain,
athlete_events_cleaned.csv,height_cm,missing_value_representation,60171 cells contain the text 'NA',Replaced with an empty cell (true missing),"One consistent missing-value representation; text ""NA"" breaks numeric typing in Sheets/Looker. Nothing imputed.",60171,0 'NA' text cells remain,
athlete_events_cleaned.csv,weight_kg,missing_value_representation,62875 cells contain the text 'NA',Replaced with an empty cell (true missing),"One consistent missing-value representation; text ""NA"" breaks numeric typing in Sheets/Looker. Nothing imputed.",62875,0 'NA' text cells remain,
athlete_events_cleaned.csv,medal,missing_value_representation,231333 cells contain the text 'NA',Replaced with an empty cell (true missing),"One consistent missing-value representation; text ""NA"" breaks numeric typing in Sheets/Looker. Nothing imputed.",231333,0 'NA' text cells remain,
athlete_events_cleaned.csv,medal,meaning_preserved,"Medal missing for 231,333 rows","Kept blank (NOT replaced with ""No Medal"" / 0)",Blank medal = athlete competed but did not medal; derived labels belong to the processing stage,231333,Blank medal rows preserved,
athlete_events_cleaned.csv,name,whitespace,"81 cells with leading/trailing whitespace; 310 cells with extra/hidden whitespace in total (double spaces, non-breaking spaces)","Trimmed, collapsed repeated whitespace to a single space, converted non-breaking spaces to normal spaces",Whitespace is a formatting artefact; it breaks grouping/joins and has no analytical meaning,310,0 cells with whitespace remain,
athlete_events_cleaned.csv,age,data_type,Numeric column read as text (contains NA tokens),Validated all non-missing values numeric; stored as plain numbers,Enable numeric use in Sheets/Looker,261642,"min=10, max=97, no non-numeric values",
athlete_events_cleaned.csv,height_cm,data_type,Numeric column read as text (contains NA tokens),Validated all non-missing values numeric; stored as plain numbers,Enable numeric use in Sheets/Looker,210945,"min=127, max=226, no non-numeric values",
athlete_events_cleaned.csv,weight_kg,data_type,Numeric column read as text (contains NA tokens),Validated all non-missing values numeric; stored as plain numbers,Enable numeric use in Sheets/Looker,208241,"min=25, max=214, no non-numeric values",
athlete_events_cleaned.csv,age/height_cm/weight_kg,impossible_values,Checked for impossible ages/heights/weights,"No change: age 10-97, height 127-226 cm, weight 25-214 kg are all within plausible Olympic ranges (e.g. age 10 = a child gymnast in 1896, age 97 = art competitor, 214 kg = judo)",No evidence of invalid values; extreme values are plausible and were not altered,0,No values removed or capped,
athlete_events_cleaned.csv,all,exact_duplicates_medal_bearing,"1385 rows are exact copies (all 15 columns incl. athlete_id) of an earlier row; 11 of them carry a medal (all 1900 Paris sailing crew entries, boats Olle / Favorite-1 / Quand-Mme-2)",REMOVED the 11 extra copies of medal-bearing exact duplicates; first occurrence kept (athlete still has their medal row),The same athlete cannot win the same medal twice in the same event; keeping the copies would double-count athlete-level medals. Removed rows saved in documentation/,11,0 dup copies of those remain after removal; no IND rows affected,"MEDAL-STATISTICS IMPACT: 3 Gold-row and 8 Silver-row extras removed (['FRA', 'GBR'], ['1900']). India unaffected."
athlete_events_cleaned.csv,all,exact_duplicates_retained,"1374 exact-duplicate-looking rows without a medal ({'Art Competitions': 1315, 'Cycling': 32, 'Sailing': 26, 'Equestrianism': 1}), all in 1900-1948 Games",RETAINED (not removed),"Art Competitions: one artist entering several works in the same category produces identical rows (e.g. Louis-Martin Rey x3). Remaining cases are not provably erroneous and carry no medal, so cannot distort medal totals. Not safe to dedupe without evidence.",1374,Documented; analyst should use COUNT DISTINCT athlete_id for athlete counts,Flagged for processing stage
athlete_events_cleaned.csv,name,false_duplicate_protection,"Three different India hockey players named 'Balbir Singh' (1968, ids 111012/111013/111014); two share identical age 23 only when athlete_id is ignored",Kept all rows; duplicate test performed WITH athlete_id,Name-only de-duplication would wrongly delete a real Indian Bronze medallist,1,All 3 Balbir Singh 1968 rows retained,India-specific integrity decision
athlete_events_cleaned.csv,name,encoding_loss,"Accented characters are missing from names in the source (e.g. 'Andr Auffray' for Andre, 'Henri Lon Victor Susse'); 0 non-ASCII characters in the whole column",No change - cannot be repaired without inventing text,Characters were dropped upstream (not mis-encoded); restoring them would require external data/guessing,0,Flagged,Unresolved source limitation
athlete_events_cleaned.csv,city,host_city,1956 Summer has two city values (Melbourne + Stockholm - equestrian events were held in Stockholm),No change,Legitimate; Games edition is not forced to one city,0,Preserved,
athlete_events_cleaned.csv,games/year/season,consistency,"Checked games == year + "" "" + season for all rows",No change needed,Fully consistent,0,0 mismatches; seasons = Summer/Winter only,
athlete_events_cleaned.csv,sex/medal,categorical_consistency,"Sex {M,F}; Medal {Gold,Silver,Bronze,blank}",No change needed,Already consistent; no spelling/casing variants,0,Categories verified,
athlete_events_cleaned.csv,sport/medal,olympic_specific_non_standard_medals,"156 medal rows are in Art Competitions (1912-1948) and 25 in Alpinism (1924 Chamonix); 7 of them are India (7 athletes with the surname Sherpa, Gold, 'Alpinism Mixed Alpinism', 1924 Winter, team India)",Kept unchanged,"They are genuine source records, but these events are not reflected in the provided country-wise table (it shows India winter medals = 0). Removing them would be an unsupported assumption",181,Flagged,MEDAL-STATISTICS IMPACT: India winter Gold (1924 Alpinism) exists at athlete level but not in olympics_medals_country_wise; decide treatment in processing stage
all_athlete_games_cleaned.csv,all,column_naming,"Names with spaces and capitals ('Entry ID', 'Sport Disciplines', 'Event List'); athlete sex column called 'Gender'",Renamed to snake_case; Gender->sex to match athlete_events_cleaned,Consistent naming across cleaned files,14,"14 columns, same order",
all_athlete_games_cleaned.csv,sex,categorical_consistency,Values 'Male' / 'Female',Mapped to 'M' / 'F',"Same coding as athlete_events_cleaned (lossless, 1:1 mapping)",300266,"Categories: M, F",
all_athlete_games_cleaned.csv,name,whitespace,"81 cells with leading/trailing whitespace; 312 cells with extra/hidden whitespace in total (double spaces, non-breaking spaces)","Trimmed, collapsed repeated whitespace to a single space, converted non-breaking spaces to normal spaces",Whitespace is a formatting artefact; it breaks grouping/joins and has no analytical meaning,312,0 cells with whitespace remain,
all_athlete_games_cleaned.csv,event,whitespace,"0 cells with leading/trailing whitespace; 42 cells with extra/hidden whitespace in total (double spaces, non-breaking spaces)","Trimmed, collapsed repeated whitespace to a single space, converted non-breaking spaces to normal spaces",Whitespace is a formatting artefact; it breaks grouping/joins and has no analytical meaning,42,0 cells with whitespace remain,
all_athlete_games_cleaned.csv,age,data_type,Age stored as text with blanks,Validated numeric (10-97 range); blanks left blank,Numeric typing without imputation,287876,No non-numeric values,
all_athlete_games_cleaned.csv,all,exact_duplicates_medal_bearing,"File has no athlete id, so identical-looking rows may be different people. 11 medal-bearing duplicate records were confirmed in athlete_events (same athlete_id)","REMOVED 11 rows - exactly the confirmed 1900 sailing duplicate medal records (matched on all attributes, last Entry ID of each group)",Keeps medal counts identical across the two athlete-level files. A name-only rule would have wrongly deleted a real India 1968 hockey Bronze row (Balbir Singh) - this was avoided,11,Cleaned a2 rows for years <= 2016 reconcile exactly with athlete_events_cleaned (see validation),MEDAL-STATISTICS IMPACT: same 3 Gold + 8 Silver rows as athlete_events
all_athlete_games_cleaned.csv,all,exact_duplicates_retained,"Remaining attribute-identical rows (Art Competitions 1912-1948, early Sailing/Cycling, India 1968/1980 hockey)",RETAINED,Cannot be proven erroneous; same reasoning as athlete_events,1375,Documented,"Count is 1 higher than athlete_events (1,374) because the India 1968 hockey pair of 23-year-old Balbir Singh rows is only distinguishable by athlete_id, which this file lacks"
all_athlete_games_cleaned.csv,sport/event/medal,structural_missingness,"14029 rows (2024 Summer: 11113, 2026 Winter: 2916) have blank sport, event AND medal; sport_disciplines/event_list populated instead",Kept as-is (blank),"These are entry-roster rows without results; a blank medal here means ""results not in the source"", NOT ""no medal"". Cannot be filled without external data",14029,Preserved; flagged in README,IMPORTANT: do not use 2024/2026 rows for medal or sport analysis from this file
all_athlete_games_cleaned.csv,team,missing,"2026 Winter rows (2,916) have blank team",Kept blank,Not guessable (noc is populated and unchanged),2916,Preserved,
all_athlete_games_cleaned.csv,city,host_city_vs_country,2026 Winter rows have city = 'Italy' (a host COUNTRY; Games were hosted by Milano-Cortina),"Kept original value, flagged",Correcting it would mean choosing/inventing a single host city for a co-hosted edition; not supported by the source,2916,Flagged as unresolved,Unresolved - decide in processing stage
all_athlete_games_cleaned.csv,sport,inconsistent_sport_labels,"Era-specific labels co-exist: Canoeing vs Canoe Sprint/Slalom, Equestrian vs Equestrianism, Trampolining vs Trampoline Gymnastics, Gymnastics vs Artistic Gymnastics, Cycling vs Cycling Road/Track/MTB/BMX",Not merged,Merging would change sport/discipline meaning and medal grain; needs a documented mapping table in the processing stage,0,Flagged,
all_athlete_games_cleaned.csv,year,coverage_gap,"Winter 2018 (PyeongChang) and Winter 2022 (Beijing) are absent from all athlete-level files (winter years run ...2014, then 2026); Summer 2020 has medals, Summer 2024 and Winter 2026 are roster-only",No change - cannot be added without external data,Athlete-level winter history ends at 2014 for results; olympics_medals_country_wise includes later winter medals,0,Flagged,Unresolved: India winter participation 2018/2022 cannot be analysed from athlete files
regions_cleaned.csv,Unnamed: 0,accidental_index_column,Pandas index (0..233) saved as an unnamed first column,Dropped,Row counter with no meaning,234,"3 columns remain: noc, region, notes",
regions_cleaned.csv,notes,missing_value_representation,4 cells contain the text 'NaN',Replaced with an empty cell (true missing),"One consistent missing-value representation; text ""NA"" breaks numeric typing in Sheets/Looker. Nothing imputed.",4,0 'NA' text cells remain,
regions_cleaned.csv,region,missing,"3 NOCs have no region (ROT, TUV, UNK) although 'notes' holds a name for two of them",Kept blank,Filling region from notes or world knowledge would be a guess/enrichment; flagged,3,Preserved,Unresolved
regions_cleaned.csv,noc,mapping_gaps,"NOC 'AIN' (in all_athlete_games 2024) is absent; 'TRI','IOP' (in 1976-2008 medals) absent; region is a MODERN grouping (YUG->Serbia, URS->Russia, FRG/GDR->Germany)","No rows added, no historical names overwritten",Rule: never invent mappings / rename historical entities from a modern lookup,0,Flagged,Use as a lookup only; keep original noc/team in facts
archive2/all_regions.csv,all,redundant_file,"Identical NOC->Region content (234 rows, same order) to archive/regions.csv minus the notes column",Not cleaned separately,Redundant,234,Verified identical on noc and region,
summer_olympic_medals_1976_2008_cleaned.csv,all,encoding,File is Windows-1252 (not UTF-8): accented names such as KÖHLER appear corrupted when opened as UTF-8,"Decoded as cp1252, saved as UTF-8",Text encoding fix; no characters lost,15433,"Accented characters verified (e.g. KÖHLER, Christa)",
summer_olympic_medals_1976_2008_cleaned.csv,all,empty_rows,"117 rows where every field is empty ("",,,,,,,,,,"")",Removed,Contain no information,117,15316 data rows remain; 0 empty rows,
summer_olympic_medals_1976_2008_cleaned.csv,all,column_naming,"Mixed-case / underscore names (Country_Code, Event_gender)","Renamed to snake_case; Country_Code->noc, Gender->sex",Consistent naming,11,11 columns,
summer_olympic_medals_1976_2008_cleaned.csv,athlete,whitespace,"0 cells with leading/trailing whitespace; 1 cells with extra/hidden whitespace in total (double spaces, non-breaking spaces)","Trimmed, collapsed repeated whitespace to a single space, converted non-breaking spaces to normal spaces",Whitespace is a formatting artefact; it breaks grouping/joins and has no analytical meaning,1,0 cells with whitespace remain,
summer_olympic_medals_1976_2008_cleaned.csv,sex,categorical_consistency,Athlete gender coded 'Men'/'Women',Mapped to 'M'/'F',Same coding as other athlete-level files; event_gender (M/W/X) kept unchanged because it describes the EVENT,15316,"Categories: M, F",
summer_olympic_medals_1976_2008_cleaned.csv,sex/event_gender,source_inconsistency,"1 row: CHEPCHUMBA, Joyce (Kenya, 2000 marathon, event_gender W) has gender 'Men'","Left unchanged, flagged",Likely an entry error but correcting it is an assumption,1,Flagged,Unresolved
summer_olympic_medals_1976_2008_cleaned.csv,country,formatting,"11 rows have a trailing '*' (Puerto Rico*, Hong Kong*, Bermuda*, Netherlands Antilles*, Virgin Islands*) - meaning is not documented in the source",Added 'country' without the asterisk; original text preserved in 'country_original',Asterisk blocks joins/grouping; original kept so nothing is lost,11,country_original retains all original values,
summer_olympic_medals_1976_2008_cleaned.csv,noc/country,historical_codes,"Codes URS, EUN, GDR, FRG, SCG, SRB, IOP, AHO etc. and country 'Serbia' used for BOTH SCG (2004) and SRB (2008)",Preserved exactly,Historical NOC context must not be modernised,0,Flagged,SCG and SRB both carry country=Serbia
summer_olympic_medals_1976_2008_cleaned.csv,noc,mapping_gap,'TRI' (Trinidad and Tobago in this file) is not in regions (which has TTO),Unchanged,No reliable mapping in provided data; flagged,11,Flagged,
summer_olympic_medals_1976_2008_cleaned.csv,athlete,source_quality,"Names with repeated given/surnames such as 'SINGH, Singh', 'CHETTRI, Chettri' (India 1980 hockey) - truncated source names",Unchanged,Cannot be repaired without external data,6,Flagged,
summer_olympic_medals_1976_2008_cleaned.csv,all,exact_duplicates_retained,"1 exact duplicate row: India 1980 Hockey 'SINGH, Singh' appears twice (two different players with the same truncated name; India's squad of 16 requires both)",RETAINED,"Removing it would drop a real Indian Gold-medal record (16 expected, 16 present)",1,16 India 1980 Gold rows retained,India-specific integrity decision
olympics_medals_country_wise_cleaned.csv,countries / ioc_code / total_total,column_naming,"Header names contain trailing spaces: ['countries ', 'ioc_code ', 'total_total ']","Trimmed; countries->country, ioc_code->noc, total_participation->total_participations (matches summer_/winter_ plural); all other medal columns unchanged","Clean, consistent names",3,17 columns,
olympics_medals_country_wise_cleaned.csv,country,whitespace,"3 cells with leading/trailing whitespace; 3 cells with extra/hidden whitespace in total (double spaces, non-breaking spaces)","Trimmed, collapsed repeated whitespace to a single space, converted non-breaking spaces to normal spaces",Whitespace is a formatting artefact; it breaks grouping/joins and has no analytical meaning,3,0 cells with whitespace remain,
olympics_medals_country_wise_cleaned.csv,noc,whitespace,"1 cells with leading/trailing whitespace; 1 cells with extra/hidden whitespace in total (double spaces, non-breaking spaces)","Trimmed, collapsed repeated whitespace to a single space, converted non-breaking spaces to normal spaces",Whitespace is a formatting artefact; it breaks grouping/joins and has no analytical meaning,1,0 cells with whitespace remain,
olympics_medals_country_wise_cleaned.csv,noc,formatting,"IOC codes stored in parentheses, e.g. '(AFG)'",Removed parentheses,Codes must match NOC codes used in other files,156,All 156 codes are 3 characters,
olympics_medals_country_wise_cleaned.csv,"summer_gold, summer_total, total_gold, total_total",numeric_stored_as_text,"6 cells use thousands separators, e.g. '1,060', '2,629' (United States)",Removed commas; converted to integers,Numbers stored as text cannot be summed,6,All 15 numeric columns parse as integers,
olympics_medals_country_wise_cleaned.csv,medal columns,arithmetic_consistency,Checked gold+silver+bronze=total and summer+winter=total for every row,No change needed,Internal consistency confirms values are intact,0,156/156 rows consistent,
olympics_medals_country_wise_cleaned.csv,country/noc,historical_entities,"Includes Soviet Union (URS), East/West Germany, Czechoslovakia, Yugoslavia, Russian Empire (RU1), Mixed Team (ZZX), ROC, OAR, Independent Olympic Participants",Preserved as separate rows (no merging into modern countries),Historical context must not be renamed/merged,0,Flagged,
olympics_medals_country_wise_cleaned.csv,all,coverage,"India row: 25 summer + 11 winter participations; 10G 9S 16B = 35 summer medals - equals India's total through Tokyo 2020 (7 medals in 2020), i.e. does NOT include Paris 2024",Unchanged,Edition coverage inferred from the India row; document before combining with Paris 2024 tables,1,Flagged,Do not add Paris 2024 totals without checking double counting
olympics_2024_country_gdp_population_cleaned.csv,country_code,inconsistent_noc_codes,"Codes are ISO-3-style (e.g. DEU, NLD, DNK, ZAF) or other non-IOC codes, so they don't match NOC codes used in athlete files; 25 codes differ from the IOC code in the Paris roster files",Original preserved in 'country_code_original'; added 'noc' (IOC code) + 'noc_standardization' (method). IOC code taken only from the provided Paris roster files (athletes new.csv / all_athlete_games 2024) by exact country-name match,Allows reliable joins to athlete files without external data; unresolved codes left blank rather than guessed,25,"Methods: {'original_code_valid': 65, 'matched_by_country_name': 24, 'matched_by_documented_alias': 1}","Source: provided files only; no external data used. Aliases used: Iran->IR Iran, Hong Kong->Hong Kong, China, Taiwan->Chinese Taipei (label differences only)"
olympics_2024_country_gdp_population_cleaned.csv,country,source_difference,"'Taiwan' here vs 'Chinese Taipei' in olympics2024.csv; Refugee Olympic Team (EOR, 1 Bronze) absent so medal totals are 1 Bronze lower than olympics2024.csv",Unchanged; flagged,Not a cleaning error - a coverage difference. Use olympics2024.csv as the authoritative Paris medal table,1,Flagged,
olympics_2024_country_gdp_population_cleaned.csv,gdp / population,undocumented_units,"gdp (e.g. United States 81,695.19) matches GDP PER CAPITA in USD, population (334.9) matches MILLIONS; units/source not documented; gdp_year mixes 2023 (88 rows) and 2022 (2 rows)",Values and column names unchanged,Renaming would assert a unit not stated in the source,90,Flagged,Verify units before using in dashboards
olympics_2024_country_gdp_population_cleaned.csv,region,categorical_consistency,"Region values (Europe, Asia, Africa, North America, South America, Caribbean, Oceania)",No change needed,Consistent; note: this is a geographic grouping created by the dataset author,90,7 categories,
paris_2024_medals_by_country_cleaned.csv,all,column_naming,Capitalised names with spaces ('Country Code'),Renamed to snake_case,Consistent naming,7,7 -> 9 columns after adding noc fields,
paris_2024_medals_by_country_cleaned.csv,country_code,inconsistent_noc_codes,"Mixed code styles: IOC (USA, CHN), 2-letter (US, NZ, HK, SA) and invented/legacy forms (SIN, SPA, SWI, GBG, BRZ, PKN, SER, ROM, MOR, IRE); 17 of 91 differ from IOC codes in the Paris roster",Original kept in 'country_code_original'; 'noc' = IOC code from provided Paris roster files by exact country name; method in 'noc_standardization',Join key must match athlete files; unresolved left blank,17,"Methods: {'matched_by_country_name': 15, 'original_code_valid': 74, 'matched_by_documented_alias': 2}","Source: provided files only. Aliases used: Iran->IR Iran, Hong Kong->Hong Kong, China (label differences only)"
paris_2024_medals_by_country_cleaned.csv,rank,ties,"Ranks repeat (ties on identical medal counts, e.g. many countries share a rank) and run to 84+ ",Unchanged,Legitimate ranking ties,0,Preserved,
paris_2024_medals_by_country_cleaned.csv,total,meaning,Country medal COUNTS (a team medal counts once),Unchanged,Grain: one row = one country/NOC at Paris 2024. Not comparable to athlete-level medal rows,0,Totals: 328G/327S/384B,
paris_2024_medals_by_sport_cleaned.csv,Competitions / NOC,column_naming,'Competitions' holds SPORT names; 'NOC' holds COUNTRY NAMES (not NOC codes),Renamed to 'sport' and 'country'; Rank->rank_in_sport (rank is within each sport),Misleading headers would cause wrong joins,454,Renamed,
paris_2024_medals_by_sport_cleaned.csv,country,whitespace,"454 cells with leading/trailing whitespace; 454 cells with extra/hidden whitespace in total (double spaces, non-breaking spaces)","Trimmed, collapsed repeated whitespace to a single space, converted non-breaking spaces to normal spaces",Whitespace is a formatting artefact; it breaks grouping/joins and has no analytical meaning,454,0 cells with whitespace remain,
paris_2024_medals_by_sport_cleaned.csv,country,hidden_spaces,454 of 454 country cells start with a non-breaking space (U+00A0),Converted/trimmed (included in whitespace action above),Hidden characters break joins to other country lists,454,0 cells with leading/trailing/nbsp whitespace,
paris_2024_medals_by_sport_cleaned.csv,country,formatting,"23 rows carry a marker that is not part of the country name: 'France*' (22 rows; asterisk = host nation, Wikipedia convention) and 'Individual Neutral Athletes[A]' (1 row; '[A]' is a Wikipedia footnote tag)",Added 'country' without the marker; original (trimmed) value kept in 'country_original',Joinable country name while keeping the marker information,23,country_original retains markers; country has none,
paris_2024_medals_by_sport_cleaned.csv,country,coverage_difference,"'Individual Neutral Athletes' (neutral athletes) medals appear here (Gymnastics, Rowing, Tennis, Weightlifting) but not in paris_2024_medals_by_country; 'Saint Lucia' here is 'St Lucia' there",Unchanged,"Real differences between source tables, not errors to fix; sport-level totals = country-table totals + Individual Neutral Athletes",5,Reconciled in validation,Do not mix this table with the country table without handling Individual Neutral Athletes
paris_2024_medals_by_sport_cleaned.csv,rank_in_sport,invalid_numeric,1 rank cell = '–' (en dash) for 'Individual Neutral Athletes' (Gymnastics),Set to blank,Not a number: athletes competed neutrally (unranked); blank = not applicable. Medals kept,1,rank_in_sport otherwise integer,
paris_2024_medals_by_sport_cleaned.csv,sport,categorical_consistency,"Sport labels use sentence case (e.g. 'Field hockey', 'Rugby sevens', 'Artistic swimming') unlike other files (Hockey, Rugby Sevens, Synchronized Swimming)",Unchanged,Mapping across files is a processing-stage task,454,35 sports,
tokyo_2020_medals_by_country_cleaned.csv,all,column_naming,"'Gold Medal', 'Rank By Total' etc.","Renamed to gold, silver, bronze, total, rank_by_total",Consistent naming,6,6 columns,
tokyo_2020_medals_by_country_cleaned.csv,country,country_names,"Official-style names ('People's Republic of China', 'Republic of Korea', 'Islamic Republic of Iran', 'ROC', 'Hong Kong, China') differ from other files; no NOC code column",Unchanged; no code added,No reliable code mapping inside this file; mapping is a processing-stage join (flagged),93,Flagged,
tokyo_2020_medals_by_country_cleaned.csv,file,edition_label,File is named 'Tokyo Medals 2021' (Games held in 2021); athlete files label this edition Year 2020,File renamed tokyo_2020_*; value content unchanged,Edition is Tokyo 2020 (held 2021) - avoid year misalignment,93,Flagged,
paris_2024_athletes_cleaned.csv,code/gender/height/weight,column_naming,Ambiguous names,"Renamed code->athlete_code, gender->sex, height->height_cm, weight->weight_kg",Consistent naming across athlete tables,4,17 columns,
paris_2024_athletes_cleaned.csv,name_tv,whitespace,"0 cells with leading/trailing whitespace; 2 cells with extra/hidden whitespace in total (double spaces, non-breaking spaces)","Trimmed, collapsed repeated whitespace to a single space, converted non-breaking spaces to normal spaces",Whitespace is a formatting artefact; it breaks grouping/joins and has no analytical meaning,2,0 cells with whitespace remain,
paris_2024_athletes_cleaned.csv,sex,categorical_consistency,'Male'/'Female',Mapped to 'M'/'F',Consistent coding,11115,"Categories: M, F",
paris_2024_athletes_cleaned.csv,height_cm,invalid_numeric_sentinel,6032 rows (of 11115) have height = 0 (impossible; placeholder for unknown),Set to blank (missing),"A height of 0 would corrupt averages; true value unknown, nothing imputed",6032,"min height now 140, max 222",
paris_2024_athletes_cleaned.csv,weight_kg,invalid_numeric_sentinel,10783 rows have weight = 0.0 and 16 are already blank,Zeros set to blank; blanks kept blank,Same reason as height,10799,"min weight now 51, max 113; 10799 missing in total",
paris_2024_athletes_cleaned.csv,birth_date,date_format,Dates already ISO yyyy-mm-dd,"Validated (all parse, 1954-12-01 to 2012-08-11); no change",Consistent date format,11115,0 invalid dates,
paris_2024_athletes_cleaned.csv,disciplines / events,nested_values,"List-like strings with mixed quotes, e.g. [""Women's Individual"", 'Mixed Team']",Unchanged,Exploding lists changes the grain (athlete -> athlete-event); belongs in processing stage,11115,Flagged,
paris_2024_athletes_cleaned.csv,name,duplicates_investigated,"20 rows share a name with another row (e.g. ELSAYED Mohamed, WATANABE Yuta, SUN Yue)",Retained,"athlete_code is unique (11,115 distinct) and birth dates/disciplines differ: different people",20,athlete_code unique,
paris_2024_athletes_cleaned.csv,country_code / nationality_code,meaning,203 athletes represent an NOC different from their nationality (e.g. PUR/ISV athletes with nationality USA),Both kept,country_code = NOC represented; use it (not nationality) for country totals,203,Preserved,
paris_2024_athletes_cleaned.csv,function,categorical_consistency,"'Athlete' (10,920) and 'Alternate Athlete' (195)",Both retained,Alternates are not competitors; filter in processing stage,195,Preserved,
paris_2024_athletes_cleaned.csv,file,edition_label,"File has no year/edition field; identified as Paris 2024 because it has 206 NOCs, 112 IND athletes (same as all_athlete_games 2024) and Paris disciplines",Named paris_2024_athletes; no year column added,Inference documented; nothing fabricated,11115,Flagged,
