file,folder,file_type,size_bytes,data_rows,columns,column_names,apparent_purpose,grain,year_coverage,geographic_coverage,overlap_notes,classification,recommendation,cleaned_output
Olympics 2024.csv,(root),CSV,14667,454,7,Competitions | Rank | NOC | Gold | Silver | Bronze | Total,"Medal table split by sport and country (Paris 2024, inferred - India 1S+5B matches)",sport x country medal tally,2024 (Summer),93 countries/teams,Sums by country reconcile exactly to olympics2024.csv (except Individual Neutral Athletes),EDITION-SPECIFIC,Keep: only source with medals by sport for Paris 2024,edition_specific/paris_2024_medals_by_sport_cleaned.csv
Summer-Olympic-medals-1976-to-2008.csv,(root),CSV,1458470,15433,11,City | Year | Sport | Discipline | Event | Athlete | Gender | Country_Code | Country | Event_gender | Medal,"Medal winners, Summer Games 1976-2008",medal-level: one row = one medal-winning athlete in one event,1976-2008 (9 Summer Games),128 countries (NOC codes),Subset of athlete_events for those Games (medal rows only); adds Discipline and event gender,SUPPORTING,Keep as cross-check / discipline lookup; do not merge with athlete tables without keys,supporting/summer_olympic_medals_1976_2008_cleaned.csv
Tokyo Medals 2021.csv,(root),CSV,2059,93,6,Country | Gold Medal | Silver Medal | Bronze Medal | Total | Rank By Total,"Medal table, Tokyo 2020 (held 2021)",country: one row = one country at one edition,Tokyo 2020,93 countries,Country totals; India 1G 2S 4B = 7,EDITION-SPECIFIC,Keep,edition_specific/tokyo_2020_medals_by_country_cleaned.csv
archive/Athletes_summer_games.csv,archive,CSV,29616629,237673,13,Unnamed: 0 | Name | Sex | Age | Team | NOC | Games | Year | Season | City | Sport | Event | Medal,"Athlete-event records, Summer Games",athlete-event: one row = athlete x event x Games,1896-2020,all NOCs,"Equals athlete_events Summer rows (222,552) + Tokyo 2020 (15,121); has saved pandas index; Age as float; no Height/Weight",REDUNDANT,Do not use; superseded by archive2/all_athlete_games (same rows + Winter + 2024/2026),not cleaned (redundant)
archive/Athletes_winter_games.csv,archive,CSV,6424635,48564,13,Unnamed: 0 | Name | Sex | Age | Team | NOC | Games | Year | Season | City | Sport | Event | Medal,"Athlete-event records, Winter Games",athlete-event,1924-2014,all NOCs,"Equals athlete_events Winter rows (48,564) exactly (same attributes); has saved pandas index",REDUNDANT,Do not use,not cleaned (redundant)
archive/regions.csv,archive,CSV,4717,234,4,Unnamed: 0 | NOC | region | notes,NOC -> region lookup with notes,lookup: one row = one NOC,n/a,234 NOCs,Superset of archive2/all_regions.csv (adds notes); has saved pandas index,SUPPORTING,Keep as NOC lookup; modern region names only,supporting/regions_cleaned.csv
archive2/README.md,archive2,MD,2658,,,,"Dataset description of ""The Olympics Legacy 1896-2026""",documentation,1896-2026,n/a,Describes archive2 files; kept untouched,DOCUMENTATION,Reference only,not cleaned (documentation)
archive2/all_athlete_games.csv,archive2,CSV,35060852,300266,14,Entry ID | Name | Gender | Age | Team | NOC | Year | Season | City | Sport | Event | Medal | Sport Disciplines | Event List,"Athlete-event records, Summer and Winter, with Entry ID",athlete-event: one row = athlete x event x Games (no athlete id),1896-2026 (38 Games; no Winter 2018/2022),234 NOCs,"Rows <=2016 identical to athlete_events (minus Height/Weight); adds Tokyo 2020 results, Paris 2024 and Milano-Cortina 2026 rosters (no sport/event/medal)",PRIMARY,Use for 1896-2020 time series and India 2020; do not use 2024/2026 rows for medals,primary/all_athlete_games_cleaned.csv
archive2/all_regions.csv,archive2,CSV,3331,234,2,NOC | Region,NOC -> region lookup,lookup,n/a,234 NOCs,Identical NOC/region to archive/regions.csv,REDUNDANT,Do not use,not cleaned (redundant)
athlete_events.csv,(root),CSV,41500688,271116,15,ID | Name | Sex | Age | Height | Weight | Team | NOC | Games | Year | Season | City | Sport | Event | Medal,"120 years of Olympic history (Kaggle-style) with athlete id, height, weight",athlete-event: one row = athlete x event x Games,1896-2016 (35 Games),230 NOCs,"Only file with athlete_id, Height and Weight; subset of all_athlete_games for <=2016",PRIMARY,Use for demographics/physical attributes and athlete-distinct counts,primary/athlete_events_cleaned.csv
athletes new.csv,(root),CSV,1916746,11115,17,code | name | name_short | name_tv | gender | function | country_code | country | country_full | nationality | nationality_full | nationality_code | height | weight | disciplines | events | birth_date,"Athlete roster (Paris 2024 inferred: 206 NOCs, 112 IND)",athlete: one row = one registered athlete (not an event),2024 (Summer),206 NOCs,Overlaps all_athlete_games 2024 rows (different name format); includes alternates; no medals,EDITION-SPECIFIC,Keep for Paris 2024 India roster/demographics,edition_specific/paris_2024_athletes_cleaned.csv
olympics.csv,(root),CSV,4411,90,10,country | country_code | region | gold | silver | bronze | total | gdp | gdp_year | population,"Paris 2024 country medals + region, GDP, population",country: one row = one country,2024 (Summer),90 countries,Near-duplicate of olympics2024.csv medals (89 identical countries); missing Refugee Olympic Team; unique enrichment = region/gdp/population,OPTIONAL (SUPPORTING enrichment),Use only for gdp/population enrichment; use olympics2024.csv for medals,supporting/olympics_2024_country_gdp_population_cleaned.csv
olympics2024.csv,(root),CSV,2269,91,7,Rank | Country | Country Code | Gold | Silver | Bronze | Total,Paris 2024 medal table by country,country: one row = one country,2024 (Summer),91 countries/teams,Authoritative Paris country table in this collection (includes Refugee Olympic Team),EDITION-SPECIFIC,Keep,edition_specific/paris_2024_medals_by_country_cleaned.csv
olympics_medals_country_wise.csv,(root),CSV,8741,156,17,countries  | ioc_code  | summer_participations | summer_gold | summer_silver | summer_bronze | summer_total | winter_participations | winter_gold | winter_silver | winter_bronze | winter_total | total_participation | total_gold | total_silver | total_bronze | total_total ,All-time Summer and Winter medals and participations by country,country (all-time): one row = one country / historical NOC,"all-time, through ~Tokyo 2020 / Beijing 2022 (inferred from India = 35 medals)",156 NOCs/entities,Country totals; not derivable from athlete rows (team medals count once),PRIMARY,Use for all-time country medal totals,primary/olympics_medals_country_wise_cleaned.csv
