athlete_id,name,sex,age,height_cm,weight_kg,team,noc,games,year,season,city,sport,event,medal
12115,Gaston Frdric Blanchy,M,31,,,Olle,FRA,1900 Summer,1900,Summer,Paris,Sailing,Sailing Mixed 2-3 Ton,Gold
19874,Jean-Baptiste tienne August Charcot,M,23,,,Quand-Mme-2,FRA,1900 Summer,1900,Summer,Paris,Sailing,Sailing Mixed 0-0.5 Ton,Silver
29661,Jacques Doucet,M,,,,Favorite-1,FRA,1900 Summer,1900,Summer,Paris,Sailing,Sailing Mixed 2-3 Ton,Silver
33564,William Edgar Exshaw,M,34,,,Olle,GBR,1900 Summer,1900,Summer,Paris,Sailing,Sailing Mixed 2-3 Ton,Gold
40973,Victor Auguste Godinet,M,47,,,Favorite-1,FRA,1900 Summer,1900,Summer,Paris,Sailing,Sailing Mixed 2-3 Ton,Silver
67525,Jacques le Lavasseur,M,,,,Olle,FRA,1900 Summer,1900,Summer,Paris,Sailing,Sailing Mixed 2-3 Ton,Gold
70374,Robert Linzeler,M,28,,,Quand-Mme-2,FRA,1900 Summer,1900,Summer,Paris,Sailing,Sailing Mixed 0-0.5 Ton,Silver
79304,Mathias Joseph Ferdinand Jules Henri Mialaret,M,44,,,Favorite-1,FRA,1900 Summer,1900,Summer,Paris,Sailing,Sailing Mixed 2-3 Ton,Silver
116681,Henri Lon Victor Susse,M,55,,,Favorite-1,FRA,1900 Summer,1900,Summer,Paris,Sailing,Sailing Mixed 2-3 Ton,Silver
119448,Texier I,M,,,,Quand-Mme-2,FRA,1900 Summer,1900,Summer,Paris,Sailing,Sailing Mixed 0-0.5 Ton,Silver
119449,Texier II,M,,,,Quand-Mme-2,FRA,1900 Summer,1900,Summer,Paris,Sailing,Sailing Mixed 0-0.5 Ton,Silver
