entry_id,name,sex,age,team,noc,year,season,city,sport,event,medal,sport_disciplines,event_list
509,Gaston Frdric Blanchy,M,31,Olle,FRA,1900,Summer,Paris,Sailing,Sailing Mixed 2-3 Ton,Gold,,
2074,Henri Lon Victor Susse,M,55,Favorite-1,FRA,1900,Summer,Paris,Sailing,Sailing Mixed 2-3 Ton,Silver,,
912,Jacques Doucet,M,,Favorite-1,FRA,1900,Summer,Paris,Sailing,Sailing Mixed 2-3 Ton,Silver,,
1398,Jacques le Lavasseur,M,,Olle,FRA,1900,Summer,Paris,Sailing,Sailing Mixed 2-3 Ton,Gold,,
651,Jean-Baptiste tienne August Charcot,M,23,Quand-Mme-2,FRA,1900,Summer,Paris,Sailing,Sailing Mixed 0-0.5 Ton,Silver,,
1613,Mathias Joseph Ferdinand Jules Henri Mialaret,M,44,Favorite-1,FRA,1900,Summer,Paris,Sailing,Sailing Mixed 2-3 Ton,Silver,,
1478,Robert Linzeler,M,28,Quand-Mme-2,FRA,1900,Summer,Paris,Sailing,Sailing Mixed 0-0.5 Ton,Silver,,
2113,Texier I,M,,Quand-Mme-2,FRA,1900,Summer,Paris,Sailing,Sailing Mixed 0-0.5 Ton,Silver,,
2124,Texier II,M,,Quand-Mme-2,FRA,1900,Summer,Paris,Sailing,Sailing Mixed 0-0.5 Ton,Silver,,
1105,Victor Auguste Godinet,M,47,Favorite-1,FRA,1900,Summer,Paris,Sailing,Sailing Mixed 2-3 Ton,Silver,,
981,William Edgar Exshaw,M,34,Olle,GBR,1900,Summer,Paris,Sailing,Sailing Mixed 2-3 Ton,Gold,,
