sport,rank_in_sport,country,country_original,gold,silver,bronze,total
Archery,1,South Korea,South Korea,5,1,1,7
Archery,2,France,France*,0,1,1,2
Archery,3,United States,United States,0,1,1,2
Archery,4,China,China,0,1,0,1
Archery,5,Germany,Germany,0,1,0,1
Archery,6,Mexico,Mexico,0,0,1,1
Archery,7,Turkey,Turkey,0,0,1,1
Artistic swimming,1,China,China,2,0,0,2
Artistic swimming,2,Great Britain,Great Britain,0,1,0,1
Artistic swimming,3,United States,United States,0,1,0,1
Artistic swimming,4,Netherlands,Netherlands,0,0,1,1
Artistic swimming,5,Spain,Spain,0,0,1,1
Athletics,1,United States,United States,14,11,9,34
Athletics,2,Kenya,Kenya,4,2,5,11
Athletics,3,Canada,Canada,3,1,1,5
Athletics,4,Netherlands,Netherlands,2,1,3,6
Athletics,5,Spain,Spain,2,1,1,4
Athletics,6,Norway,Norway,2,1,0,3
Athletics,7,Great Britain,Great Britain,1,4,5,10
Athletics,8,Jamaica,Jamaica,1,3,2,6
Athletics,9,Ethiopia,Ethiopia,1,3,0,4
Athletics,10,Australia,Australia,1,2,4,7
Athletics,11,Germany,Germany,1,2,1,4
Athletics,12,China,China,1,1,2,4
Athletics,13,Belgium,Belgium,1,1,1,3
Athletics,14,Bahrain,Bahrain,1,1,0,2
Athletics,15,Botswana,Botswana,1,1,0,2
Athletics,16,Ecuador,Ecuador,1,1,0,2
Athletics,17,New Zealand,New Zealand,1,1,0,2
Athletics,18,Saint Lucia,Saint Lucia,1,1,0,2
Athletics,19,Uganda,Uganda,1,1,0,2
Athletics,20,Ukraine,Ukraine,1,0,2,3
Athletics,21,Greece,Greece,1,0,1,2
Athletics,22,Dominica,Dominica,1,0,0,1
Athletics,23,Dominican Republic,Dominican Republic,1,0,0,1
Athletics,24,Japan,Japan,1,0,0,1
Athletics,25,Morocco,Morocco,1,0,0,1
Athletics,26,Pakistan,Pakistan,1,0,0,1
Athletics,27,Sweden,Sweden,1,0,0,1
Athletics,28,South Africa,South Africa,0,2,0,2
Athletics,29,Italy,Italy,0,1,2,3
Athletics,30,Brazil,Brazil,0,1,1,2
Athletics,31,France,France*,0,1,0,1
Athletics,32,Hungary,Hungary,0,1,0,1
Athletics,33,India,India,0,1,0,1
Athletics,34,Lithuania,Lithuania,0,1,0,1
Athletics,35,Portugal,Portugal,0,1,0,1
Athletics,36,Grenada,Grenada,0,0,2,2
Athletics,37,Algeria,Algeria,0,0,1,1
Athletics,38,Croatia,Croatia,0,0,1,1
Athletics,39,Czech Republic,Czech Republic,0,0,1,1
Athletics,40,Poland,Poland,0,0,1,1
Athletics,41,Puerto Rico,Puerto Rico,0,0,1,1
Athletics,42,Qatar,Qatar,0,0,1,1
Athletics,43,Zambia,Zambia,0,0,1,1
Badminton,1,China,China,2,3,0,5
Badminton,2,South Korea,South Korea,1,1,0,2
Badminton,3,Chinese Taipei,Chinese Taipei,1,0,0,1
Badminton,4,Denmark,Denmark,1,0,0,1
Badminton,5,Thailand,Thailand,0,1,0,1
Badminton,6,Japan,Japan,0,0,2,2
Badminton,7,Malaysia,Malaysia,0,0,2,2
Badminton,8,Indonesia,Indonesia,0,0,1,1
Basketball,1,United States,United States,2,0,1,3
Basketball,2,Germany,Germany,1,0,0,1
Basketball,3,Netherlands,Netherlands,1,0,0,1
Basketball,4,France,France*,0,3,0,3
Basketball,5,Spain,Spain,0,1,0,1
Basketball,6,Australia,Australia,0,0,1,1
Basketball,7,Lithuania,Lithuania,0,0,1,1
Basketball,8,Serbia,Serbia,0,0,1,1
Boxing,1,Uzbekistan,Uzbekistan,5,0,0,5
Boxing,2,China,China,3,2,0,5
Boxing,3,Chinese Taipei,Chinese Taipei,1,0,2,3
Boxing,4,Cuba,Cuba,1,0,1,2
Boxing,5,Algeria,Algeria,1,0,0,1
Boxing,6,Ireland,Ireland,1,0,0,1
Boxing,7,Ukraine,Ukraine,1,0,0,1
Boxing,8,France,France*,0,2,1,3
Boxing,9,Turkey,Turkey,0,2,1,3
Boxing,10,Kazakhstan,Kazakhstan,0,1,1,2
Boxing,11,Spain,Spain,0,1,1,2
Boxing,12,Azerbaijan,Azerbaijan,0,1,0,1
Boxing,13,Kyrgyzstan,Kyrgyzstan,0,1,0,1
Boxing,14,Mexico,Mexico,0,1,0,1
Boxing,15,Panama,Panama,0,1,0,1
Boxing,16,Poland,Poland,0,1,0,1
Boxing,17,Australia,Australia,0,0,2,2
Boxing,18,Dominican Republic,Dominican Republic,0,0,2,2
Boxing,19,Philippines,Philippines,0,0,2,2
Boxing,20,Brazil,Brazil,0,0,1,1
Boxing,21,Bulgaria,Bulgaria,0,0,1,1
Boxing,22,Canada,Canada,0,0,1,1
Boxing,23,Cape Verde,Cape Verde,0,0,1,1
Boxing,24,Georgia,Georgia,0,0,1,1
Boxing,25,Germany,Germany,0,0,1,1
Boxing,26,Great Britain,Great Britain,0,0,1,1
Boxing,27,North Korea,North Korea,0,0,1,1
Boxing,28,Refugee Olympic Team,Refugee Olympic Team,0,0,1,1
Boxing,29,South Korea,South Korea,0,0,1,1
Boxing,30,Tajikistan,Tajikistan,0,0,1,1
Boxing,31,Thailand,Thailand,0,0,1,1
Boxing,32,United States,United States,0,0,1,1
Breaking,1,Canada,Canada,1,0,0,1
Breaking,2,Japan,Japan,1,0,0,1
Breaking,3,France,France*,0,1,0,1
Breaking,4,Lithuania,Lithuania,0,1,0,1
Breaking,5,China,China,0,0,1,1
Breaking,6,United States,United States,0,0,1,1
Canoeing,1,New Zealand,New Zealand,4,0,0,4
Canoeing,2,Australia,Australia,3,1,1,5
Canoeing,3,Germany,Germany,2,2,2,6
Canoeing,4,China,China,2,0,0,2
Canoeing,5,Czech Republic,Czech Republic,2,0,0,2
Canoeing,6,France,France*,1,2,0,3
Canoeing,7,Italy,Italy,1,1,0,2
Canoeing,8,Canada,Canada,1,0,1,2
Canoeing,9,Hungary,Hungary,0,4,3,7
Canoeing,10,Great Britain,Great Britain,0,2,2,4
Canoeing,11,United States,United States,0,1,1,2
Canoeing,12,Brazil,Brazil,0,1,0,1
Canoeing,13,Poland,Poland,0,1,0,1
Canoeing,14,Ukraine,Ukraine,0,1,0,1
Canoeing,15,Spain,Spain,0,0,3,3
Canoeing,16,Cuba,Cuba,0,0,1,1
Canoeing,17,Denmark,Denmark,0,0,1,1
Canoeing,18,Moldova,Moldova,0,0,1,1
Canoeing,19,Slovakia,Slovakia,0,0,1,1
Cycling,1,France,France*,3,3,3,9
Cycling,2,Netherlands,Netherlands,3,3,1,7
Cycling,3,Australia,Australia,3,2,3,8
Cycling,4,United States,United States,3,2,1,6
Cycling,5,Great Britain,Great Britain,2,5,4,11
Cycling,6,New Zealand,New Zealand,2,2,1,5
Cycling,7,Belgium,Belgium,2,0,3,5
Cycling,8,Italy,Italy,1,2,1,4
Cycling,9,Portugal,Portugal,1,1,0,2
Cycling,10,Argentina,Argentina,1,0,0,1
Cycling,11,China,China,1,0,0,1
Cycling,12,Germany,Germany,0,1,1,2
Cycling,13,Poland,Poland,0,1,0,1
Cycling,14,Denmark,Denmark,0,0,1,1
Cycling,15,South Africa,South Africa,0,0,1,1
Cycling,16,Sweden,Sweden,0,0,1,1
Cycling,17,Switzerland,Switzerland,0,0,1,1
Diving,1,China,China,8,2,1,11
Diving,2,Great Britain,Great Britain,0,1,4,5
Diving,3,Mexico,Mexico,0,1,1,2
Diving,4,North Korea,North Korea,0,1,1,2
Diving,5,Australia,Australia,0,1,0,1
Diving,6,Japan,Japan,0,1,0,1
Diving,7,United States,United States,0,1,0,1
Diving,8,Canada,Canada,0,0,1,1
Equestrian,1,Germany,Germany,4,1,0,5
Equestrian,2,Great Britain,Great Britain,2,0,3,5
Equestrian,3,France,France*,0,1,1,2
Equestrian,4,Australia,Australia,0,1,0,1
Equestrian,5,Denmark,Denmark,0,1,0,1
Equestrian,6,Switzerland,Switzerland,0,1,0,1
Equestrian,7,United States,United States,0,1,0,1
Equestrian,8,Japan,Japan,0,0,1,1
Equestrian,9,Netherlands,Netherlands,0,0,1,1
Fencing,1,Japan,Japan,2,1,2,5
Fencing,2,United States,United States,2,1,1,4
Fencing,3,South Korea,South Korea,2,1,0,3
Fencing,4,Hong Kong,Hong Kong,2,0,0,2
Fencing,5,France,France*,1,4,2,7
Fencing,6,Italy,Italy,1,3,1,5
Fencing,7,Hungary,Hungary,1,1,1,3
Fencing,8,Ukraine,Ukraine,1,0,1,2
Fencing,9,Tunisia,Tunisia,0,1,0,1
Fencing,10,Canada,Canada,0,0,1,1
Fencing,11,Czech Republic,Czech Republic,0,0,1,1
Fencing,12,Egypt,Egypt,0,0,1,1
Fencing,13,Poland,Poland,0,0,1,1
Field hockey,1,Netherlands,Netherlands,2,0,0,2
Field hockey,2,China,China,0,1,0,1
Field hockey,3,Germany,Germany,0,1,0,1
Field hockey,4,Argentina,Argentina,0,0,1,1
Field hockey,5,India,India,0,0,1,1
Football,1,Spain,Spain,1,0,0,1
Football,2,United States,United States,1,0,0,1
Football,3,Brazil,Brazil,0,1,0,1
Football,4,France,France*,0,1,0,1
Football,5,Germany,Germany,0,0,1,1
Football,6,Morocco,Morocco,0,0,1,1
Golf,1,New Zealand,New Zealand,1,0,0,1
Golf,2,United States,United States,1,0,0,1
Golf,3,Germany,Germany,0,1,0,1
Golf,4,Great Britain,Great Britain,0,1,0,1
Golf,5,China,China,0,0,1,1
Golf,6,Japan,Japan,0,0,1,1
Gymnastics,1,China,China,3,6,3,12
Gymnastics,2,United States,United States,3,1,5,9
Gymnastics,3,Japan,Japan,3,0,1,4
Gymnastics,4,Philippines,Philippines,2,0,0,2
Gymnastics,5,Brazil,Brazil,1,2,1,4
Gymnastics,6,Italy,Italy,1,1,3,5
Gymnastics,,Individual Neutral Athletes,Individual Neutral Athletes,1,1,0,2
Gymnastics,7,Great Britain,Great Britain,1,0,2,3
Gymnastics,8,Algeria,Algeria,1,0,0,1
Gymnastics,9,Germany,Germany,1,0,0,1
Gymnastics,10,Ireland,Ireland,1,0,0,1
Gymnastics,11,Israel,Israel,0,2,0,2
Gymnastics,12,Armenia,Armenia,0,1,0,1
Gymnastics,13,Bulgaria,Bulgaria,0,1,0,1
Gymnastics,14,Colombia,Colombia,0,1,0,1
Gymnastics,15,Kazakhstan,Kazakhstan,0,1,0,1
Gymnastics,16,Ukraine,Ukraine,0,1,0,1
Gymnastics,17,Canada,Canada,0,0,1,1
Gymnastics,18,Chinese Taipei,Chinese Taipei,0,0,1,1
Gymnastics,19,Greece,Greece,0,0,1,1
Gymnastics,20,Romania,Romania,0,0,1,1
Handball,1,Denmark,Denmark,1,0,1,2
Handball,2,Norway,Norway,1,0,0,1
Handball,3,France,France*,0,1,0,1
Handball,4,Germany,Germany,0,1,0,1
Handball,5,Spain,Spain,0,0,1,1
Judo,1,Japan,Japan,3,2,3,8
Judo,2,France,France*,2,2,6,10
Judo,3,Azerbaijan,Azerbaijan,2,0,0,2
Judo,4,Georgia,Georgia,1,2,0,3
Judo,5,Brazil,Brazil,1,1,2,4
Judo,6,Uzbekistan,Uzbekistan,1,0,2,3
Judo,7,Kazakhstan,Kazakhstan,1,0,1,2
Judo,8,Canada,Canada,1,0,0,1
Judo,9,Croatia,Croatia,1,0,0,1
Judo,10,Italy,Italy,1,0,0,1
Judo,11,Slovenia,Slovenia,1,0,0,1
Judo,12,South Korea,South Korea,0,2,3,5
Judo,13,Israel,Israel,0,2,1,3
Judo,14,Kosovo,Kosovo,0,1,1,2
Judo,15,Germany,Germany,0,1,0,1
Judo,16,Mexico,Mexico,0,1,0,1
Judo,17,Mongolia,Mongolia,0,1,0,1
Judo,18,Moldova,Moldova,0,0,2,2
Judo,19,Tajikistan,Tajikistan,0,0,2,2
Judo,20,Austria,Austria,0,0,1,1
Judo,21,Belgium,Belgium,0,0,1,1
Judo,22,China,China,0,0,1,1
Judo,23,Greece,Greece,0,0,1,1
Judo,24,Portugal,Portugal,0,0,1,1
Judo,25,Spain,Spain,0,0,1,1
Judo,26,Sweden,Sweden,0,0,1,1
Modern pentathlon,1,Egypt,Egypt,1,0,0,1
Modern pentathlon,2,Hungary,Hungary,1,0,0,1
Modern pentathlon,3,France,France*,0,1,0,1
Modern pentathlon,4,Japan,Japan,0,1,0,1
Modern pentathlon,5,Italy,Italy,0,0,1,1
Modern pentathlon,6,South Korea,South Korea,0,0,1,1
Rowing,1,Netherlands,Netherlands,4,3,1,8
Rowing,2,Great Britain,Great Britain,3,2,3,8
Rowing,3,Romania,Romania,2,3,0,5
Rowing,4,New Zealand,New Zealand,1,2,1,4
Rowing,5,Germany,Germany,1,0,1,2
Rowing,6,Ireland,Ireland,1,0,1,2
Rowing,7,United States,United States,1,0,1,2
Rowing,8,Croatia,Croatia,1,0,0,1
Rowing,9,Italy,Italy,0,2,0,2
Rowing,10,Canada,Canada,0,1,0,1
Rowing,11,Individual Neutral Athletes,Individual Neutral Athletes[A],0,1,0,1
Rowing,12,Greece,Greece,0,0,2,2
Rowing,13,Australia,Australia,0,0,1,1
Rowing,14,Lithuania,Lithuania,0,0,1,1
Rowing,15,Poland,Poland,0,0,1,1
Rowing,16,Switzerland,Switzerland,0,0,1,1
Rugby sevens,1,France,France*,1,0,0,1
Rugby sevens,2,New Zealand,New Zealand,1,0,0,1
Rugby sevens,3,Canada,Canada,0,1,0,1
Rugby sevens,4,Fiji,Fiji,0,1,0,1
Rugby sevens,5,South Africa,South Africa,0,0,1,1
Rugby sevens,6,United States,United States,0,0,1,1
Sailing,1,Netherlands,Netherlands,2,0,2,4
Sailing,2,Austria,Austria,2,0,0,2
Sailing,3,Italy,Italy,2,0,0,2
Sailing,4,Australia,Australia,1,1,0,2
Sailing,5,Israel,Israel,1,1,0,2
Sailing,6,Great Britain,Great Britain,1,0,1,2
Sailing,7,Spain,Spain,1,0,0,1
Sailing,8,France,France*,0,1,1,2
Sailing,9,New Zealand,New Zealand,0,1,1,2
Sailing,10,Sweden,Sweden,0,1,1,2
Sailing,11,Argentina,Argentina,0,1,0,1
Sailing,12,Cyprus,Cyprus,0,1,0,1
Sailing,13,Denmark,Denmark,0,1,0,1
Sailing,14,Japan,Japan,0,1,0,1
Sailing,15,Slovenia,Slovenia,0,1,0,1
Sailing,16,Norway,Norway,0,0,1,1
Sailing,17,Peru,Peru,0,0,1,1
Sailing,18,Singapore,Singapore,0,0,1,1
Sailing,19,United States,United States,0,0,1,1
Shooting,1,China,China,5,2,3,10
Shooting,2,South Korea,South Korea,3,3,0,6
Shooting,3,United States,United States,1,3,1,5
Shooting,4,Italy,Italy,1,2,1,4
Shooting,5,Great Britain,Great Britain,1,1,0,2
Shooting,6,Guatemala,Guatemala,1,0,1,2
Shooting,7,Switzerland,Switzerland,1,0,1,2
Shooting,8,Chile,Chile,1,0,0,1
Shooting,9,Serbia,Serbia,1,0,0,1
Shooting,10,France,France*,0,1,0,1
Shooting,11,Sweden,Sweden,0,1,0,1
Shooting,12,Turkey,Turkey,0,1,0,1
Shooting,13,Ukraine,Ukraine,0,1,0,1
Shooting,14,India,India,0,0,3,3
Shooting,15,Australia,Australia,0,0,1,1
Shooting,16,Chinese Taipei,Chinese Taipei,0,0,1,1
Shooting,17,Croatia,Croatia,0,0,1,1
Shooting,18,Hungary,Hungary,0,0,1,1
Shooting,19,Kazakhstan,Kazakhstan,0,0,1,1
Skateboarding,1,Japan,Japan,2,2,0,4
Skateboarding,2,Australia,Australia,2,0,0,2
Skateboarding,3,United States,United States,0,2,1,3
Skateboarding,4,Brazil,Brazil,0,0,2,2
Skateboarding,5,Great Britain,Great Britain,0,0,1,1
Sport climbing,1,Poland,Poland,1,0,1,2
Sport climbing,2,Great Britain,Great Britain,1,0,0,1
Sport climbing,3,Indonesia,Indonesia,1,0,0,1
Sport climbing,4,Slovenia,Slovenia,1,0,0,1
Sport climbing,5,China,China,0,2,0,2
Sport climbing,6,United States,United States,0,1,1,2
Sport climbing,7,Japan,Japan,0,1,0,1
Sport climbing,8,Austria,Austria,0,0,2,2
Surfing,1,France,France*,1,0,1,2
Surfing,2,United States,United States,1,0,0,1
Surfing,3,Brazil,Brazil,0,1,1,2
Surfing,4,Australia,Australia,0,1,0,1
Swimming,1,United States,United States,8,13,7,28
Swimming,2,Australia,Australia,7,9,3,19
Swimming,3,France,France*,4,1,2,7
Swimming,4,Canada,Canada,3,2,3,8
Swimming,5,Hungary,Hungary,3,1,1,5
Swimming,6,China,China,2,3,7,12
Swimming,7,Italy,Italy,2,1,3,6
Swimming,8,Sweden,Sweden,2,0,0,2
Swimming,9,Great Britain,Great Britain,1,4,0,5
Swimming,10,Germany,Germany,1,1,1,3
Swimming,11,South Africa,South Africa,1,1,0,2
Swimming,12,Ireland,Ireland,1,0,2,3
Swimming,13,Netherlands,Netherlands,1,0,2,3
Swimming,14,Romania,Romania,1,0,1,2
Swimming,15,Greece,Greece,0,1,0,1
Swimming,16,Japan,Japan,0,1,0,1
Swimming,17,Hong Kong,Hong Kong,0,0,2,2
Swimming,18,South Korea,South Korea,0,0,1,1
Swimming,19,Switzerland,Switzerland,0,0,1,1
Table tennis,1,China,China,5,1,0,6
Table tennis,2,Sweden,Sweden,0,2,0,2
Table tennis,3,Japan,Japan,0,1,1,2
Table tennis,4,North Korea,North Korea,0,1,0,1
Table tennis,5,France,France*,0,0,2,2
Table tennis,6,South Korea,South Korea,0,0,2,2
Taekwondo,1,South Korea,South Korea,2,0,1,3
Taekwondo,2,Iran,Iran,1,2,1,4
Taekwondo,3,Uzbekistan,Uzbekistan,1,1,0,2
Taekwondo,4,France,France*,1,0,1,2
Taekwondo,5,Tunisia,Tunisia,1,0,1,2
Taekwondo,6,Hungary,Hungary,1,0,0,1
Taekwondo,7,Thailand,Thailand,1,0,0,1
Taekwondo,8,China,China,0,1,1,2
Taekwondo,9,Azerbaijan,Azerbaijan,0,1,0,1
Taekwondo,10,Great Britain,Great Britain,0,1,0,1
Taekwondo,11,Jordan,Jordan,0,1,0,1
Taekwondo,12,Serbia,Serbia,0,1,0,1
Taekwondo,13,Belgium,Belgium,0,0,1,1
Taekwondo,14,Brazil,Brazil,0,0,1,1
Taekwondo,15,Bulgaria,Bulgaria,0,0,1,1
Taekwondo,16,Canada,Canada,0,0,1,1
Taekwondo,17,Croatia,Croatia,0,0,1,1
Taekwondo,18,Cuba,Cuba,0,0,1,1
Taekwondo,19,Denmark,Denmark,0,0,1,1
Taekwondo,20,Italy,Italy,0,0,1,1
Taekwondo,21,Ivory Coast,Ivory Coast,0,0,1,1
Taekwondo,22,Turkey,Turkey,0,0,1,1
Taekwondo,23,United States,United States,0,0,1,1
Tennis,1,China,China,1,1,0,2
Tennis,2,Italy,Italy,1,0,1,2
Tennis,3,Australia,Australia,1,0,0,1
Tennis,4,Czech Republic,Czech Republic,1,0,0,1
Tennis,5,Serbia,Serbia,1,0,0,1
Tennis,6,Spain,Spain,0,1,1,2
Tennis,7,United States,United States,0,1,1,2
Tennis,8,Croatia,Croatia,0,1,0,1
Tennis,9,Individual Neutral Athletes,Individual Neutral Athletes,0,1,0,1
Tennis,10,Canada,Canada,0,0,1,1
Tennis,11,Poland,Poland,0,0,1,1
Triathlon,1,Great Britain,Great Britain,1,0,2,3
Triathlon,2,France,France*,1,0,1,2
Triathlon,3,Germany,Germany,1,0,0,1
Triathlon,4,New Zealand,New Zealand,0,1,0,1
Triathlon,5,Switzerland,Switzerland,0,1,0,1
Triathlon,6,United States,United States,0,1,0,1
Volleyball,1,Brazil,Brazil,1,0,1,2
Volleyball,2,France,France*,1,0,0,1
Volleyball,3,Italy,Italy,1,0,0,1
Volleyball,4,Sweden,Sweden,1,0,0,1
Volleyball,5,United States,United States,0,1,1,2
Volleyball,6,Canada,Canada,0,1,0,1
Volleyball,7,Germany,Germany,0,1,0,1
Volleyball,8,Poland,Poland,0,1,0,1
Volleyball,9,Norway,Norway,0,0,1,1
Volleyball,10,Switzerland,Switzerland,0,0,1,1
Water polo,1,Serbia,Serbia,1,0,0,1
Water polo,2,Spain,Spain,1,0,0,1
Water polo,3,Australia,Australia,0,1,0,1
Water polo,4,Croatia,Croatia,0,1,0,1
Water polo,5,Netherlands,Netherlands,0,0,1,1
Water polo,6,United States,United States,0,0,1,1
Weightlifting,1,China,China,5,0,0,5
Weightlifting,2,Bulgaria,Bulgaria,1,0,1,2
Weightlifting,3,United States,United States,1,0,1,2
Weightlifting,4,Georgia,Georgia,1,0,0,1
Weightlifting,5,Indonesia,Indonesia,1,0,0,1
Weightlifting,6,Norway,Norway,1,0,0,1
Weightlifting,7,Thailand,Thailand,0,2,1,3
Weightlifting,8,Colombia,Colombia,0,2,0,2
Weightlifting,9,Armenia,Armenia,0,1,0,1
Weightlifting,10,Canada,Canada,0,1,0,1
Weightlifting,11,Egypt,Egypt,0,1,0,1
Weightlifting,12,Romania,Romania,0,1,0,1
Weightlifting,13,South Korea,South Korea,0,1,0,1
Weightlifting,14,Uzbekistan,Uzbekistan,0,1,0,1
Weightlifting,15,Ecuador,Ecuador,0,0,2,2
Weightlifting,16,Bahrain,Bahrain,0,0,1,1
Weightlifting,17,Chinese Taipei,Chinese Taipei,0,0,1,1
Weightlifting,18,Great Britain,Great Britain,0,0,1,1
Weightlifting,19,Italy,Italy,0,0,1,1
Weightlifting,20,Individual Neutral Athletes,Individual Neutral Athletes,0,0,1,1
Wrestling,1,Japan,Japan,8,1,2,11
Wrestling,2,Iran,Iran,2,4,2,8
Wrestling,3,United States,United States,2,2,3,7
Wrestling,4,Bulgaria,Bulgaria,2,0,0,2
Wrestling,5,Cuba,Cuba,1,1,3,5
Wrestling,6,Georgia,Georgia,1,1,0,2
Wrestling,7,Uzbekistan,Uzbekistan,1,0,1,2
Wrestling,8,Bahrain,Bahrain,1,0,0,1
Wrestling,9,Ukraine,Ukraine,0,2,1,3
Wrestling,10,China,China,0,1,4,5
Wrestling,11,Kyrgyzstan,Kyrgyzstan,0,1,4,5
Wrestling,12,Armenia,Armenia,0,1,1,2
Wrestling,13,Chile,Chile,0,1,0,1
Wrestling,14,Ecuador,Ecuador,0,1,0,1
Wrestling,15,Kazakhstan,Kazakhstan,0,1,0,1
Wrestling,16,Moldova,Moldova,0,1,0,1
Wrestling,17,Azerbaijan,Azerbaijan,0,0,3,3
Wrestling,18,Albania,Albania,0,0,2,2
Wrestling,19,North Korea,North Korea,0,0,2,2
Wrestling,20,Turkey,Turkey,0,0,2,2
Wrestling,21,Colombia,Colombia,0,0,1,1
Wrestling,22,Denmark,Denmark,0,0,1,1
Wrestling,23,Greece,Greece,0,0,1,1
Wrestling,24,India,India,0,0,1,1
Wrestling,25,Norway,Norway,0,0,1,1
Wrestling,26,Puerto Rico,Puerto Rico,0,0,1,1
